Timestamp,date,Month,cindex,community raw,Sender,Empfänger,Betrag,Betrag minus,extrinsic id,extrinsic hash,remark,Sender ID,Empfänger ID,Community ID,Sender Type,Empfänger Type
5/5/2022 5:15,#NAME?,#NAME?,1,u0qj92QX9PQ,community-issued-income,DGeoBv3E9xniabhyWsSjd25Te8ZmjQ7zndc2VVbmU8zmZQB,22,#NAME?,535441-2,0x98bc1462dedf6e7bd4900ad3f1457f2321ccda1782f4a0e7429969307143c8cd,manually entered,#NAME?,#NAME?,#NAME?,#NAME?,#NAME?
5/5/2022 5:15,#NAME?,#NAME?,1,u0qj92QX9PQ,community-issued-income,EkJmC5SNKbHWQsNYpbNcYWcsWEQ55EnXHedAZVXaj7xRbwj,22,#NAME?,535441-2,0x98bc1462dedf6e7bd4900ad3f1457f2321ccda1782f4a0e7429969307143c8cd,manually entered,#NAME?,#NAME?,#NAME?,#NAME?,#NAME?
5/5/2022 5:15,#NAME?,#NAME?,1,u0qj92QX9PQ,community-issued-income,CdiF7ePBGvDiCh9rKv7Xaf738ewkT9pyfUqEVTUPWF7WncS,22,#NAME?,535441-2,0x98bc1462dedf6e7bd4900ad3f1457f2321ccda1782f4a0e7429969307143c8cd,manually entered,#NAME?,#NAME?,#NAME?,#NAME?,#NAME?
5/15/2022 0:47,#NAME?,#NAME?,2,u0qj92QX9PQ,community-issued-income,Doeqq411BJtci8nxQ6jTMqSCiPSJygoCbWAwbmEtqatjEJc,22,#NAME?,582023-2,0xb1ec5e83251876d7a3be2a205f4178fcd17ad5ed3db6c7a0ec5f06371e0a4012,manually entered,#NAME?,#NAME?,#NAME?,#NAME?,#NAME?
5/15/2022 0:47,#NAME?,#NAME?,2,u0qj92QX9PQ,community-issued-income,EkJmC5SNKbHWQsNYpbNcYWcsWEQ55EnXHedAZVXaj7xRbwj,22,#NAME?,582023-2,0xb1ec5e83251876d7a3be2a205f4178fcd17ad5ed3db6c7a0ec5f06371e0a4012,manually entered,#NAME?,#NAME?,#NAME?,#NAME?,#NAME?
5/15/2022 0:47,#NAME?,#NAME?,2,u0qj92QX9PQ,community-issued-income,DGeoBv3E9xniabhyWsSjd25Te8ZmjQ7zndc2VVbmU8zmZQB,22,#NAME?,582023-2,0xb1ec5e83251876d7a3be2a205f4178fcd17ad5ed3db6c7a0ec5f06371e0a4012,manually entered,#NAME?,#NAME?,#NAME?,#NAME?,#NAME?
5/15/2022 0:47,#NAME?,#NAME?,2,u0qj92QX9PQ,community-issued-income,Efb2bMz8shUfnQDP9babCHBFRh3TmgYHQXtFAEdupdPBpR4,22,#NAME?,582023-2,0xb1ec5e83251876d7a3be2a205f4178fcd17ad5ed3db6c7a0ec5f06371e0a4012,manually entered,#NAME?,#NAME?,#NAME?,#NAME?,#NAME?
5/15/2022 0:47,#NAME?,#NAME?,2,u0qj92QX9PQ,community-issued-income,FcMx9WVsrGxUNkwuJaSnHA4Z7jb9ZfLYSkaV3MNZVbYM4CX,22,#NAME?,582023-2,0xb1ec5e83251876d7a3be2a205f4178fcd17ad5ed3db6c7a0ec5f06371e0a4012,manually entered,#NAME?,#NAME?,#NAME?,#NAME?,#NAME?
5/15/2022 0:47,#NAME?,#NAME?,2,u0qj92QX9PQ,community-issued-income,Ff9bRov98Y47t9ugQ7HD7yaHyfABGALcThvLjuXCEdLCnMq,22,#NAME?,582023-2,0xb1ec5e83251876d7a3be2a205f4178fcd17ad5ed3db6c7a0ec5f06371e0a4012,manually entered,#NAME?,#NAME?,#NAME?,#NAME?,#NAME?
5/15/2022 7:39,#NAME?,#NAME?,2,u0qj92QX9PQ,community-issued-income,EY1itJfNnmZn8cPXcDQXAkxAL4WkJgZKdpRJJLHYamD85WH,22,#NAME?,583544-2,0x99611ae41b8d94cf6dcb39f6b3c1727a7bee092346e965f4ddd159f9181d9406,manually entered,#NAME?,#NAME?,#NAME?,#NAME?,#NAME?
5/15/2022 7:39,#NAME?,#NAME?,2,u0qj92QX9PQ,community-issued-income,GRLRuq7ApCSobgYX9VBS5fQ1RVpJH1XBd4mKcZYwe2mcBd3,22,#NAME?,583544-2,0x99611ae41b8d94cf6dcb39f6b3c1727a7bee092346e965f4ddd159f9181d9406,manually entered,#NAME?,#NAME?,#NAME?,#NAME?,#NAME?
5/15/2022 7:39,#NAME?,#NAME?,2,u0qj92QX9PQ,community-issued-income,GRyz4h63x9jwXM7j7zsbVWZvM2SB96hFCuyDbPeod8gCknu,22,#NAME?,583544-2,0x99611ae41b8d94cf6dcb39f6b3c1727a7bee092346e965f4ddd159f9181d9406,manually entered,#NAME?,#NAME?,#NAME?,#NAME?,#NAME?
5/15/2022 7:39,#NAME?,#NAME?,2,u0qj92QX9PQ,community-issued-income,GAZxDySC57QRMk6uVhENMMC4U2Chnz4uSf3w3tiBadzccpq,22,#NAME?,583544-2,0x99611ae41b8d94cf6dcb39f6b3c1727a7bee092346e965f4ddd159f9181d9406,manually entered,#NAME?,#NAME?,#NAME?,#NAME?,#NAME?
5/15/2022 7:39,#NAME?,#NAME?,2,u0qj92QX9PQ,community-issued-income,EDSzASJvcVqpx6TxJChD9PYwFaSfC62nwCGNBSviTUuxQ3k,22,#NAME?,583544-2,0x99611ae41b8d94cf6dcb39f6b3c1727a7bee092346e965f4ddd159f9181d9406,manually entered,#NAME?,#NAME?,#NAME?,#NAME?,#NAME?
5/15/2022 7:39,#NAME?,#NAME?,2,u0qj92QX9PQ,community-issued-income,Fa8LDDisNXmeFaZX1tJKPDvdFMAwYnmSd92S2G2nYr7K9Mv,22,#NAME?,583544-2,0x99611ae41b8d94cf6dcb39f6b3c1727a7bee092346e965f4ddd159f9181d9406,manually entered,#NAME?,#NAME?,#NAME?,#NAME?,#NAME?
5/15/2022 7:39,#NAME?,#NAME?,2,u0qj92QX9PQ,community-issued-income,Fm54xwKMKuP3iveGY5AvmJjWbPTvqvEBEnsArSB7r5HfPkD,22,#NAME?,583544-2,0x99611ae41b8d94cf6dcb39f6b3c1727a7bee092346e965f4ddd159f9181d9406,manually entered,#NAME?,#NAME?,#NAME?,#NAME?,#NAME?
5/15/2022 7:39,#NAME?,#NAME?,2,u0qj92QX9PQ,community-issued-income,FLgT3acPapRrP9LKobjT5PRMCamwfSbruEkHYwmgCK1oMmR,22,#NAME?,583544-2,0x99611ae41b8d94cf6dcb39f6b3c1727a7bee092346e965f4ddd159f9181d9406,manually entered,#NAME?,#NAME?,#NAME?,#NAME?,#NAME?
5/15/2022 7:39,#NAME?,#NAME?,2,u0qj92QX9PQ,community-issued-income,FkBro56jDdnKb7MQKhin4Xfrp3TfoT7etKEGRZCqnQiGKaG,22,#NAME?,583544-2,0x99611ae41b8d94cf6dcb39f6b3c1727a7bee092346e965f4ddd159f9181d9406,manually entered,#NAME?,#NAME?,#NAME?,#NAME?,#NAME?
5/15/2022 7:39,#NAME?,#NAME?,2,u0qj92QX9PQ,community-issued-income,G1nHEhGNfep7gjnt3uMYzR2BrJe1UB6vSSjjm8DHTEUwF1a,22,#NAME?,583544-2,0x99611ae41b8d94cf6dcb39f6b3c1727a7bee092346e965f4ddd159f9181d9406,manually entered,#NAME?,#NAME?,#NAME?,#NAME?,#NAME?
5/15/2022 9:28,#NAME?,#NAME?,2,u0qj92QX9PQ,community-issued-income,EiNWZepGkC3FoYkF1UTb9VdNRZ9p1p8iUKaUQ4UvNKXB9Fr,22,#NAME?,583944-2,0x0174715d1e17316723e8cef575afab557f53b73a2269c0ccc941d41be5e63b1c,manually entered,#NAME?,#NAME?,#NAME?,#NAME?,#NAME?
5/15/2022 9:28,#NAME?,#NAME?,2,u0qj92QX9PQ,community-issued-income,HxunEG4C3pzFGMKHYAVt3D6LgCSoLcodReJ4xziFPsNWCew,22,#NAME?,583944-2,0x0174715d1e17316723e8cef575afab557f53b73a2269c0ccc941d41be5e63b1c,manually entered,#NAME?,#NAME?,#NAME?,#NAME?,#NAME?
5/15/2022 9:28,#NAME?,#NAME?,2,u0qj92QX9PQ,community-issued-income,Ffofk5Zss9MgwVigQD3dXLcNW39c1dwjSVXce4bDT2157Yn,22,#NAME?,583944-2,0x0174715d1e17316723e8cef575afab557f53b73a2269c0ccc941d41be5e63b1c,manually entered,#NAME?,#NAME?,#NAME?,#NAME?,#NAME?
5/15/2022 9:28,#NAME?,#NAME?,2,u0qj92QX9PQ,community-issued-income,HcB7us92Dsz1rfaZvckAspSJ9jd7PyAm1N46hzE9Ydn2m6D,22,#NAME?,583944-2,0x0174715d1e17316723e8cef575afab557f53b73a2269c0ccc941d41be5e63b1c,manually entered,#NAME?,#NAME?,#NAME?,#NAME?,#NAME?
5/15/2022 9:28,#NAME?,#NAME?,2,u0qj92QX9PQ,community-issued-income,EfMsHxw5uu8VSsFJLG1cpMQcaKEyHEHqSQ6zwKD3G6SykzP,22,#NAME?,583944-2,0x0174715d1e17316723e8cef575afab557f53b73a2269c0ccc941d41be5e63b1c,manually entered,#NAME?,#NAME?,#NAME?,#NAME?,#NAME?
5/15/2022 9:28,#NAME?,#NAME?,2,u0qj92QX9PQ,community-issued-income,D68YNCf3Zdd8QJ5N7iXfxaXxkabjsJyxyBT1srfR7QysP7v,22,#NAME?,583944-2,0x0174715d1e17316723e8cef575afab557f53b73a2269c0ccc941d41be5e63b1c,manually entered,#NAME?,#NAME?,#NAME?,#NAME?,#NAME?
5/15/2022 9:28,#NAME?,#NAME?,2,u0qj92QX9PQ,community-issued-income,FVLCR1AmU3U5ovXRBzb8TZNJXdCk4vnyAJe3k3rv4E13xRJ,22,#NAME?,583944-2,0x0174715d1e17316723e8cef575afab557f53b73a2269c0ccc941d41be5e63b1c,manually entered,#NAME?,#NAME?,#NAME?,#NAME?,#NAME?
5/15/2022 9:28,#NAME?,#NAME?,2,u0qj92QX9PQ,community-issued-income,FXf7iTJH5EeoK2mdGxTqToyHeoQgS4EchLNZucjFrpGDZEF,22,#NAME?,583944-2,0x0174715d1e17316723e8cef575afab557f53b73a2269c0ccc941d41be5e63b1c,manually entered,#NAME?,#NAME?,#NAME?,#NAME?,#NAME?
5/15/2022 9:28,#NAME?,#NAME?,2,u0qj92QX9PQ,community-issued-income,Eqs8V3LgCPeUxTxUrjGBNVQGrk1SKDJNacTKwp8w7ZAVm7x,22,#NAME?,583944-2,0x0174715d1e17316723e8cef575afab557f53b73a2269c0ccc941d41be5e63b1c,manually entered,#NAME?,#NAME?,#NAME?,#NAME?,#NAME?
5/25/2022 3:53,#NAME?,#NAME?,3,u0qj92QX9PQ,community-issued-income,Ffofk5Zss9MgwVigQD3dXLcNW39c1dwjSVXce4bDT2157Yn,22,#NAME?,638465-2,0x43639f122fbf659a6ff15f9fcbf532be0ba9423ed3f872189d8795d0a687ab2f,manually entered,#NAME?,#NAME?,#NAME?,#NAME?,#NAME?
5/25/2022 3:53,#NAME?,#NAME?,3,u0qj92QX9PQ,community-issued-income,FXf7iTJH5EeoK2mdGxTqToyHeoQgS4EchLNZucjFrpGDZEF,22,#NAME?,638465-2,0x43639f122fbf659a6ff15f9fcbf532be0ba9423ed3f872189d8795d0a687ab2f,manually entered,#NAME?,#NAME?,#NAME?,#NAME?,#NAME?
5/25/2022 3:53,#NAME?,#NAME?,3,u0qj92QX9PQ,community-issued-income,DGeoBv3E9xniabhyWsSjd25Te8ZmjQ7zndc2VVbmU8zmZQB,22,#NAME?,638465-2,0x43639f122fbf659a6ff15f9fcbf532be0ba9423ed3f872189d8795d0a687ab2f,manually entered,#NAME?,#NAME?,#NAME?,#NAME?,#NAME?
5/25/2022 3:53,#NAME?,#NAME?,3,u0qj92QX9PQ,community-issued-income,EZiMk8xJF75xWAqEAJMEBtexWaMnvuMgLATTNm2JEPjKr5b,22,#NAME?,638465-2,0x43639f122fbf659a6ff15f9fcbf532be0ba9423ed3f872189d8795d0a687ab2f,manually entered,#NAME?,#NAME?,#NAME?,#NAME?,#NAME?
5/25/2022 3:53,#NAME?,#NAME?,3,u0qj92QX9PQ,community-issued-income,GppmxR9fQMaWeCAA8eke6LWcg4d8EeSpAfxPaJUXdiakYzf,22,#NAME?,638465-2,0x43639f122fbf659a6ff15f9fcbf532be0ba9423ed3f872189d8795d0a687ab2f,manually entered,#NAME?,#NAME?,#NAME?,#NAME?,#NAME?
5/25/2022 3:53,#NAME?,#NAME?,3,u0qj92QX9PQ,community-issued-income,DynffoKf7aZ9667cP6bHpj7cocPiPUHzxYbpYz8zRXTR5BH,22,#NAME?,638465-2,0x43639f122fbf659a6ff15f9fcbf532be0ba9423ed3f872189d8795d0a687ab2f,manually entered,#NAME?,#NAME?,#NAME?,#NAME?,#NAME?
5/25/2022 3:53,#NAME?,#NAME?,3,u0qj92QX9PQ,community-issued-income,GRyz4h63x9jwXM7j7zsbVWZvM2SB96hFCuyDbPeod8gCknu,22,#NAME?,638465-2,0x43639f122fbf659a6ff15f9fcbf532be0ba9423ed3f872189d8795d0a687ab2f,manually entered,#NAME?,#NAME?,#NAME?,#NAME?,#NAME?
5/25/2022 5:13,#NAME?,#NAME?,3,u0qj92QX9PQ,community-issued-income,EfMsHxw5uu8VSsFJLG1cpMQcaKEyHEHqSQ6zwKD3G6SykzP,22,#NAME?,638814-2,0x3ed4518b3e7bf0c46f75430c5d236a1d904c5895c306af16fee601a8e7152c3c,manually entered,#NAME?,#NAME?,#NAME?,#NAME?,#NAME?
5/25/2022 5:13,#NAME?,#NAME?,3,u0qj92QX9PQ,community-issued-income,Fm54xwKMKuP3iveGY5AvmJjWbPTvqvEBEnsArSB7r5HfPkD,22,#NAME?,638814-2,0x3ed4518b3e7bf0c46f75430c5d236a1d904c5895c306af16fee601a8e7152c3c,manually entered,#NAME?,#NAME?,#NAME?,#NAME?,#NAME?
5/25/2022 5:13,#NAME?,#NAME?,3,u0qj92QX9PQ,community-issued-income,FLgT3acPapRrP9LKobjT5PRMCamwfSbruEkHYwmgCK1oMmR,22,#NAME?,638814-2,0x3ed4518b3e7bf0c46f75430c5d236a1d904c5895c306af16fee601a8e7152c3c,manually entered,#NAME?,#NAME?,#NAME?,#NAME?,#NAME?
5/25/2022 5:13,#NAME?,#NAME?,3,u0qj92QX9PQ,community-issued-income,EiNWZepGkC3FoYkF1UTb9VdNRZ9p1p8iUKaUQ4UvNKXB9Fr,22,#NAME?,638814-2,0x3ed4518b3e7bf0c46f75430c5d236a1d904c5895c306af16fee601a8e7152c3c,manually entered,#NAME?,#NAME?,#NAME?,#NAME?,#NAME?
5/25/2022 5:13,#NAME?,#NAME?,3,u0qj92QX9PQ,community-issued-income,Efb2bMz8shUfnQDP9babCHBFRh3TmgYHQXtFAEdupdPBpR4,22,#NAME?,638814-2,0x3ed4518b3e7bf0c46f75430c5d236a1d904c5895c306af16fee601a8e7152c3c,manually entered,#NAME?,#NAME?,#NAME?,#NAME?,#NAME?
5/25/2022 5:13,#NAME?,#NAME?,3,u0qj92QX9PQ,community-issued-income,DB5XmhTL1YXDtxeqqz8takQ4QdoS4kqXDsCbgk41LXxoUbs,22,#NAME?,638814-2,0x3ed4518b3e7bf0c46f75430c5d236a1d904c5895c306af16fee601a8e7152c3c,manually entered,#NAME?,#NAME?,#NAME?,#NAME?,#NAME?
5/25/2022 5:13,#NAME?,#NAME?,3,u0qj92QX9PQ,community-issued-income,DyeMQe8B5b2PpCUirfaheKEEsk1nJCpNbuvykQBDbrK5TWt,22,#NAME?,638814-2,0x3ed4518b3e7bf0c46f75430c5d236a1d904c5895c306af16fee601a8e7152c3c,manually entered,#NAME?,#NAME?,#NAME?,#NAME?,#NAME?
5/25/2022 5:22,#NAME?,#NAME?,3,u0qj92QX9PQ,community-issued-income,HxunEG4C3pzFGMKHYAVt3D6LgCSoLcodReJ4xziFPsNWCew,22,#NAME?,638851-2,0x293415eeeb396519a79055b6d0e31e267478e16c049fe595dec757ccf7aa4c26,manually entered,#NAME?,#NAME?,#NAME?,#NAME?,#NAME?
5/25/2022 5:22,#NAME?,#NAME?,3,u0qj92QX9PQ,community-issued-income,EkJmC5SNKbHWQsNYpbNcYWcsWEQ55EnXHedAZVXaj7xRbwj,22,#NAME?,638851-2,0x293415eeeb396519a79055b6d0e31e267478e16c049fe595dec757ccf7aa4c26,manually entered,#NAME?,#NAME?,#NAME?,#NAME?,#NAME?
5/25/2022 5:22,#NAME?,#NAME?,3,u0qj92QX9PQ,community-issued-income,HbfpB5N864w9wCuoJSZiL6cdci4Y7axWL37wNPrz1RVuvMZ,22,#NAME?,638851-2,0x293415eeeb396519a79055b6d0e31e267478e16c049fe595dec757ccf7aa4c26,manually entered,#NAME?,#NAME?,#NAME?,#NAME?,#NAME?
5/25/2022 5:22,#NAME?,#NAME?,3,u0qj92QX9PQ,community-issued-income,H7eAWCGM5HhwPaUvHJA6ptD4aPoXp6qgCG6jWMzfBdMWQXQ,22,#NAME?,638851-2,0x293415eeeb396519a79055b6d0e31e267478e16c049fe595dec757ccf7aa4c26,manually entered,#NAME?,#NAME?,#NAME?,#NAME?,#NAME?
5/25/2022 5:22,#NAME?,#NAME?,3,u0qj92QX9PQ,community-issued-income,GvbFy4pu3mw1bwv1kbXYhJGzLJHpjASA76bF3E5Qexjwn78,22,#NAME?,638851-2,0x293415eeeb396519a79055b6d0e31e267478e16c049fe595dec757ccf7aa4c26,manually entered,#NAME?,#NAME?,#NAME?,#NAME?,#NAME?
5/25/2022 5:22,#NAME?,#NAME?,3,u0qj92QX9PQ,community-issued-income,Eqs8V3LgCPeUxTxUrjGBNVQGrk1SKDJNacTKwp8w7ZAVm7x,22,#NAME?,638851-2,0x293415eeeb396519a79055b6d0e31e267478e16c049fe595dec757ccf7aa4c26,manually entered,#NAME?,#NAME?,#NAME?,#NAME?,#NAME?
5/25/2022 5:22,#NAME?,#NAME?,3,u0qj92QX9PQ,community-issued-income,DymUy9EEtbbawPVXWxpChorUKs5GFA21uahP1K787kYq9GX,22,#NAME?,638851-2,0x293415eeeb396519a79055b6d0e31e267478e16c049fe595dec757ccf7aa4c26,manually entered,#NAME?,#NAME?,#NAME?,#NAME?,#NAME?
5/25/2022 5:22,#NAME?,#NAME?,3,u0qj92QX9PQ,community-issued-income,JLdStgTvcTUkJKQAgFprEPqSGkRH1Dgc5EimcbQNyUj3s1G,22,#NAME?,638851-2,0x293415eeeb396519a79055b6d0e31e267478e16c049fe595dec757ccf7aa4c26,manually entered,#NAME?,#NAME?,#NAME?,#NAME?,#NAME?
5/25/2022 6:03,#NAME?,#NAME?,3,u0qj92QX9PQ,community-issued-income,DDQ4VpiRtb7F3DC8VP42ZryC7mrJutoy6kgqdFDpraZ3EL8,22,#NAME?,639033-2,0x6572b8653328bf9adbb795de7309fb06dcb5a557e3fc28ff4d163b6d1f150a25,manually entered,#NAME?,#NAME?,#NAME?,#NAME?,#NAME?
5/25/2022 6:03,#NAME?,#NAME?,3,u0qj92QX9PQ,community-issued-income,GAZxDySC57QRMk6uVhENMMC4U2Chnz4uSf3w3tiBadzccpq,22,#NAME?,639033-2,0x6572b8653328bf9adbb795de7309fb06dcb5a557e3fc28ff4d163b6d1f150a25,manually entered,#NAME?,#NAME?,#NAME?,#NAME?,#NAME?
5/25/2022 6:03,#NAME?,#NAME?,3,u0qj92QX9PQ,community-issued-income,J1SgLSKe415VLD691ugeD49tfLBXPz3KY5EZTywew81Tovd,22,#NAME?,639033-2,0x6572b8653328bf9adbb795de7309fb06dcb5a557e3fc28ff4d163b6d1f150a25,manually entered,#NAME?,#NAME?,#NAME?,#NAME?,#NAME?
5/25/2022 6:03,#NAME?,#NAME?,3,u0qj92QX9PQ,community-issued-income,EY1itJfNnmZn8cPXcDQXAkxAL4WkJgZKdpRJJLHYamD85WH,22,#NAME?,639033-2,0x6572b8653328bf9adbb795de7309fb06dcb5a557e3fc28ff4d163b6d1f150a25,manually entered,#NAME?,#NAME?,#NAME?,#NAME?,#NAME?
5/25/2022 6:03,#NAME?,#NAME?,3,u0qj92QX9PQ,community-issued-income,EDSzASJvcVqpx6TxJChD9PYwFaSfC62nwCGNBSviTUuxQ3k,22,#NAME?,639033-2,0x6572b8653328bf9adbb795de7309fb06dcb5a557e3fc28ff4d163b6d1f150a25,manually entered,#NAME?,#NAME?,#NAME?,#NAME?,#NAME?
5/25/2022 6:03,#NAME?,#NAME?,3,u0qj92QX9PQ,community-issued-income,HcB7us92Dsz1rfaZvckAspSJ9jd7PyAm1N46hzE9Ydn2m6D,22,#NAME?,639033-2,0x6572b8653328bf9adbb795de7309fb06dcb5a557e3fc28ff4d163b6d1f150a25,manually entered,#NAME?,#NAME?,#NAME?,#NAME?,#NAME?
5/25/2022 6:03,#NAME?,#NAME?,3,u0qj92QX9PQ,community-issued-income,GhbMZYTPLjieW8BgroKPHUwqmpH3hqP9k5VcP8vSzNxfV2c,22,#NAME?,639033-2,0x6572b8653328bf9adbb795de7309fb06dcb5a557e3fc28ff4d163b6d1f150a25,manually entered,#NAME?,#NAME?,#NAME?,#NAME?,#NAME?
5/25/2022 6:03,#NAME?,#NAME?,3,u0qj92QX9PQ,community-issued-income,G1nHEhGNfep7gjnt3uMYzR2BrJe1UB6vSSjjm8DHTEUwF1a,22,#NAME?,639033-2,0x6572b8653328bf9adbb795de7309fb06dcb5a557e3fc28ff4d163b6d1f150a25,manually entered,#NAME?,#NAME?,#NAME?,#NAME?,#NAME?
6/4/2022 6:28,#NAME?,#NAME?,4,u0qj92QX9PQ,community-issued-income,GRyz4h63x9jwXM7j7zsbVWZvM2SB96hFCuyDbPeod8gCknu,22,#NAME?,701738-2,0x3ea7781a577933612b31daf56dc1700da2e3376bbe902a18a9915445fa984675,manually entered,#NAME?,#NAME?,#NAME?,#NAME?,#NAME?
6/4/2022 6:28,#NAME?,#NAME?,4,u0qj92QX9PQ,community-issued-income,HHHgn1FAGRA5oshW3QBHFf3aUoqnY8omgqEqug4wSEs9tVY,22,#NAME?,701738-2,0x3ea7781a577933612b31daf56dc1700da2e3376bbe902a18a9915445fa984675,manually entered,#NAME?,#NAME?,#NAME?,#NAME?,#NAME?
6/4/2022 6:28,#NAME?,#NAME?,4,u0qj92QX9PQ,community-issued-income,HxunEG4C3pzFGMKHYAVt3D6LgCSoLcodReJ4xziFPsNWCew,22,#NAME?,701738-2,0x3ea7781a577933612b31daf56dc1700da2e3376bbe902a18a9915445fa984675,manually entered,#NAME?,#NAME?,#NAME?,#NAME?,#NAME?
6/4/2022 6:28,#NAME?,#NAME?,4,u0qj92QX9PQ,community-issued-income,Eqs8V3LgCPeUxTxUrjGBNVQGrk1SKDJNacTKwp8w7ZAVm7x,22,#NAME?,701738-2,0x3ea7781a577933612b31daf56dc1700da2e3376bbe902a18a9915445fa984675,manually entered,#NAME?,#NAME?,#NAME?,#NAME?,#NAME?
6/4/2022 6:28,#NAME?,#NAME?,4,u0qj92QX9PQ,community-issued-income,HUWGf9qBpDAtkBYWay7YhtwqnQiissfuoiSD8BGf85PHqzx,22,#NAME?,701738-2,0x3ea7781a577933612b31daf56dc1700da2e3376bbe902a18a9915445fa984675,manually entered,#NAME?,#NAME?,#NAME?,#NAME?,#NAME?
6/4/2022 6:28,#NAME?,#NAME?,4,u0qj92QX9PQ,community-issued-income,DGeoBv3E9xniabhyWsSjd25Te8ZmjQ7zndc2VVbmU8zmZQB,22,#NAME?,701738-2,0x3ea7781a577933612b31daf56dc1700da2e3376bbe902a18a9915445fa984675,manually entered,#NAME?,#NAME?,#NAME?,#NAME?,#NAME?
6/4/2022 6:28,#NAME?,#NAME?,4,u0qj92QX9PQ,community-issued-income,H6eR7XyeXPLhT47pV3WoAyjUjf3wszVFBtHUFuuYvo4LS9z,22,#NAME?,701738-2,0x3ea7781a577933612b31daf56dc1700da2e3376bbe902a18a9915445fa984675,manually entered,#NAME?,#NAME?,#NAME?,#NAME?,#NAME?
6/4/2022 6:28,#NAME?,#NAME?,4,u0qj92QX9PQ,community-issued-income,GppmxR9fQMaWeCAA8eke6LWcg4d8EeSpAfxPaJUXdiakYzf,22,#NAME?,701738-2,0x3ea7781a577933612b31daf56dc1700da2e3376bbe902a18a9915445fa984675,manually entered,#NAME?,#NAME?,#NAME?,#NAME?,#NAME?
6/4/2022 6:28,#NAME?,#NAME?,4,u0qj92QX9PQ,community-issued-income,Eoa3TjCGEoJWxCpCiAhv83okrRHeGJmRmnEAAGBJfX9hJ4W,22,#NAME?,701738-2,0x3ea7781a577933612b31daf56dc1700da2e3376bbe902a18a9915445fa984675,manually entered,#NAME?,#NAME?,#NAME?,#NAME?,#NAME?
6/4/2022 6:28,#NAME?,#NAME?,4,u0qj92QX9PQ,community-issued-income,DB5XmhTL1YXDtxeqqz8takQ4QdoS4kqXDsCbgk41LXxoUbs,22,#NAME?,701738-2,0x3ea7781a577933612b31daf56dc1700da2e3376bbe902a18a9915445fa984675,manually entered,#NAME?,#NAME?,#NAME?,#NAME?,#NAME?
6/4/2022 6:57,#NAME?,#NAME?,4,u0qj92QX9PQ,community-issued-income,J1SgLSKe415VLD691ugeD49tfLBXPz3KY5EZTywew81Tovd,22,#NAME?,701847-2,0xde630fca925775ac7c3bc576e22381b7a4c6f18abbe0cfd1193332f4c9bd1067,manually entered,#NAME?,#NAME?,#NAME?,#NAME?,#NAME?
6/4/2022 6:57,#NAME?,#NAME?,4,u0qj92QX9PQ,community-issued-income,Fa8LDDisNXmeFaZX1tJKPDvdFMAwYnmSd92S2G2nYr7K9Mv,22,#NAME?,701847-2,0xde630fca925775ac7c3bc576e22381b7a4c6f18abbe0cfd1193332f4c9bd1067,manually entered,#NAME?,#NAME?,#NAME?,#NAME?,#NAME?
6/4/2022 6:57,#NAME?,#NAME?,4,u0qj92QX9PQ,community-issued-income,H1MiWKYxVRhsgC8NuGLA8JNBwRxrwEGRS1XxaJHKgxto8p5,22,#NAME?,701847-2,0xde630fca925775ac7c3bc576e22381b7a4c6f18abbe0cfd1193332f4c9bd1067,manually entered,#NAME?,#NAME?,#NAME?,#NAME?,#NAME?
6/4/2022 6:57,#NAME?,#NAME?,4,u0qj92QX9PQ,community-issued-income,EfD7g64jFKQ4qnNt1oCjMNtAZmQGhYE5GNMFtPFyQqAK6Fz,22,#NAME?,701847-2,0xde630fca925775ac7c3bc576e22381b7a4c6f18abbe0cfd1193332f4c9bd1067,manually entered,#NAME?,#NAME?,#NAME?,#NAME?,#NAME?
6/4/2022 6:57,#NAME?,#NAME?,4,u0qj92QX9PQ,community-issued-income,Gfe4puQW2kWbDPqWXA7xT1UC5y7emRLdB9sGX46mMYw2AMc,22,#NAME?,701847-2,0xde630fca925775ac7c3bc576e22381b7a4c6f18abbe0cfd1193332f4c9bd1067,manually entered,#NAME?,#NAME?,#NAME?,#NAME?,#NAME?
6/4/2022 6:57,#NAME?,#NAME?,4,u0qj92QX9PQ,community-issued-income,CeD6re8qNxGqU2Pzn3jzdg9TJpjdDJeumotJvobakvEi7Rh,22,#NAME?,701847-2,0xde630fca925775ac7c3bc576e22381b7a4c6f18abbe0cfd1193332f4c9bd1067,manually entered,#NAME?,#NAME?,#NAME?,#NAME?,#NAME?
6/4/2022 6:57,#NAME?,#NAME?,4,u0qj92QX9PQ,community-issued-income,Dfw5uU34NqMKcFhJtaNkZN33ejJS9RXsBw6aaJ6xa2xpNVG,22,#NAME?,701847-2,0xde630fca925775ac7c3bc576e22381b7a4c6f18abbe0cfd1193332f4c9bd1067,manually entered,#NAME?,#NAME?,#NAME?,#NAME?,#NAME?
6/4/2022 6:57,#NAME?,#NAME?,4,u0qj92QX9PQ,community-issued-income,EfMsHxw5uu8VSsFJLG1cpMQcaKEyHEHqSQ6zwKD3G6SykzP,22,#NAME?,701847-2,0xde630fca925775ac7c3bc576e22381b7a4c6f18abbe0cfd1193332f4c9bd1067,manually entered,#NAME?,#NAME?,#NAME?,#NAME?,#NAME?
6/4/2022 6:57,#NAME?,#NAME?,4,u0qj92QX9PQ,community-issued-income,DoAxzU3YrMM3BcX9cXQMe2LHmKESfmPmWApQ7PtkHzZg7LQ,22,#NAME?,701847-2,0xde630fca925775ac7c3bc576e22381b7a4c6f18abbe0cfd1193332f4c9bd1067,manually entered,#NAME?,#NAME?,#NAME?,#NAME?,#NAME?
6/4/2022 8:38,#NAME?,#NAME?,4,u0qj92QX9PQ,community-issued-income,DSEZgzVHnXMovXHNsi41jGvrwp9B6F47MvwXmq7o8N8NoYw,22,#NAME?,702210-2,0x54d4551818278b4b2ef68a540dd48da493e54a1b2f9545eca0e6651c71dfc862,manually entered,#NAME?,#NAME?,#NAME?,#NAME?,#NAME?
6/4/2022 8:38,#NAME?,#NAME?,4,u0qj92QX9PQ,community-issued-income,EiNWZepGkC3FoYkF1UTb9VdNRZ9p1p8iUKaUQ4UvNKXB9Fr,22,#NAME?,702210-2,0x54d4551818278b4b2ef68a540dd48da493e54a1b2f9545eca0e6651c71dfc862,manually entered,#NAME?,#NAME?,#NAME?,#NAME?,#NAME?
6/4/2022 8:38,#NAME?,#NAME?,4,u0qj92QX9PQ,community-issued-income,Ffofk5Zss9MgwVigQD3dXLcNW39c1dwjSVXce4bDT2157Yn,22,#NAME?,702210-2,0x54d4551818278b4b2ef68a540dd48da493e54a1b2f9545eca0e6651c71dfc862,manually entered,#NAME?,#NAME?,#NAME?,#NAME?,#NAME?
6/4/2022 8:38,#NAME?,#NAME?,4,u0qj92QX9PQ,community-issued-income,EY1itJfNnmZn8cPXcDQXAkxAL4WkJgZKdpRJJLHYamD85WH,22,#NAME?,702210-2,0x54d4551818278b4b2ef68a540dd48da493e54a1b2f9545eca0e6651c71dfc862,manually entered,#NAME?,#NAME?,#NAME?,#NAME?,#NAME?
6/4/2022 8:38,#NAME?,#NAME?,4,u0qj92QX9PQ,community-issued-income,D7rVoiGfcZZtkkJ7Ge2y1cvwjR9Gt283NRDMo5iXdRaatG8,22,#NAME?,702210-2,0x54d4551818278b4b2ef68a540dd48da493e54a1b2f9545eca0e6651c71dfc862,manually entered,#NAME?,#NAME?,#NAME?,#NAME?,#NAME?
6/4/2022 8:38,#NAME?,#NAME?,4,u0qj92QX9PQ,community-issued-income,Efb2bMz8shUfnQDP9babCHBFRh3TmgYHQXtFAEdupdPBpR4,22,#NAME?,702210-2,0x54d4551818278b4b2ef68a540dd48da493e54a1b2f9545eca0e6651c71dfc862,manually entered,#NAME?,#NAME?,#NAME?,#NAME?,#NAME?
6/4/2022 8:38,#NAME?,#NAME?,4,u0qj92QX9PQ,community-issued-income,FcRfmxzbcW5RmW7G9gqMYjucS8qt2LGSmiUDqZEoPugPdAw,22,#NAME?,702210-2,0x54d4551818278b4b2ef68a540dd48da493e54a1b2f9545eca0e6651c71dfc862,manually entered,#NAME?,#NAME?,#NAME?,#NAME?,#NAME?
6/4/2022 8:38,#NAME?,#NAME?,4,u0qj92QX9PQ,community-issued-income,Di99SbfEyNFYfYNPvdjYWjcSAVuUz6hSDdFKJmju3GmoAec,22,#NAME?,702210-2,0x54d4551818278b4b2ef68a540dd48da493e54a1b2f9545eca0e6651c71dfc862,manually entered,#NAME?,#NAME?,#NAME?,#NAME?,#NAME?
6/4/2022 9:57,#NAME?,#NAME?,4,u0qj92QX9PQ,community-issued-income,JCdoMc8qLGytCsv1EQinQ2bcNnmTVUB43DN2FkyvZPpgQpP,22,#NAME?,702505-2,0x32ca2cd4ad17f4307be99151cdaa5d998e011cabac3474d995fd3f083149b6a0,manually entered,#NAME?,#NAME?,#NAME?,#NAME?,#NAME?
6/4/2022 9:57,#NAME?,#NAME?,4,u0qj92QX9PQ,community-issued-income,DyeMQe8B5b2PpCUirfaheKEEsk1nJCpNbuvykQBDbrK5TWt,22,#NAME?,702505-2,0x32ca2cd4ad17f4307be99151cdaa5d998e011cabac3474d995fd3f083149b6a0,manually entered,#NAME?,#NAME?,#NAME?,#NAME?,#NAME?
6/4/2022 9:57,#NAME?,#NAME?,4,u0qj92QX9PQ,community-issued-income,DDQ4VpiRtb7F3DC8VP42ZryC7mrJutoy6kgqdFDpraZ3EL8,22,#NAME?,702505-2,0x32ca2cd4ad17f4307be99151cdaa5d998e011cabac3474d995fd3f083149b6a0,manually entered,#NAME?,#NAME?,#NAME?,#NAME?,#NAME?
6/4/2022 9:57,#NAME?,#NAME?,4,u0qj92QX9PQ,community-issued-income,GSG9Xg7UqZMknPVC1bC1P9WwMXomhDBA6ypGK6qvZh6YAoe,22,#NAME?,702505-2,0x32ca2cd4ad17f4307be99151cdaa5d998e011cabac3474d995fd3f083149b6a0,manually entered,#NAME?,#NAME?,#NAME?,#NAME?,#NAME?
6/4/2022 9:57,#NAME?,#NAME?,4,u0qj92QX9PQ,community-issued-income,GaNiseVYsgZsm6pWPW9JPgGWkRtSFtF3bqWaYtMPr6yS8iN,22,#NAME?,702505-2,0x32ca2cd4ad17f4307be99151cdaa5d998e011cabac3474d995fd3f083149b6a0,manually entered,#NAME?,#NAME?,#NAME?,#NAME?,#NAME?
6/4/2022 9:57,#NAME?,#NAME?,4,u0qj92QX9PQ,community-issued-income,FXf7iTJH5EeoK2mdGxTqToyHeoQgS4EchLNZucjFrpGDZEF,22,#NAME?,702505-2,0x32ca2cd4ad17f4307be99151cdaa5d998e011cabac3474d995fd3f083149b6a0,manually entered,#NAME?,#NAME?,#NAME?,#NAME?,#NAME?
6/4/2022 9:57,#NAME?,#NAME?,4,u0qj92QX9PQ,community-issued-income,DymUy9EEtbbawPVXWxpChorUKs5GFA21uahP1K787kYq9GX,22,#NAME?,702505-2,0x32ca2cd4ad17f4307be99151cdaa5d998e011cabac3474d995fd3f083149b6a0,manually entered,#NAME?,#NAME?,#NAME?,#NAME?,#NAME?
6/4/2022 14:16,#NAME?,#NAME?,4,u0qj92QX9PQ,community-issued-income,Cma92HccjSgKVfHuBF1bEULoAfEQrg7bKYC3nn1zf2EYfee,22,#NAME?,703462-2,0x5ba2d8920149b77d53493bfd1570122601b3efa2b3cf82123486928204b31bc6,manually entered,#NAME?,#NAME?,#NAME?,#NAME?,#NAME?
6/4/2022 14:16,#NAME?,#NAME?,4,u0qj92QX9PQ,community-issued-income,FLgT3acPapRrP9LKobjT5PRMCamwfSbruEkHYwmgCK1oMmR,22,#NAME?,703462-2,0x5ba2d8920149b77d53493bfd1570122601b3efa2b3cf82123486928204b31bc6,manually entered,#NAME?,#NAME?,#NAME?,#NAME?,#NAME?
6/4/2022 14:16,#NAME?,#NAME?,4,u0qj92QX9PQ,community-issued-income,H7eAWCGM5HhwPaUvHJA6ptD4aPoXp6qgCG6jWMzfBdMWQXQ,22,#NAME?,703462-2,0x5ba2d8920149b77d53493bfd1570122601b3efa2b3cf82123486928204b31bc6,manually entered,#NAME?,#NAME?,#NAME?,#NAME?,#NAME?
6/4/2022 14:16,#NAME?,#NAME?,4,u0qj92QX9PQ,community-issued-income,HbfpB5N864w9wCuoJSZiL6cdci4Y7axWL37wNPrz1RVuvMZ,22,#NAME?,703462-2,0x5ba2d8920149b77d53493bfd1570122601b3efa2b3cf82123486928204b31bc6,manually entered,#NAME?,#NAME?,#NAME?,#NAME?,#NAME?
6/4/2022 14:16,#NAME?,#NAME?,4,u0qj92QX9PQ,community-issued-income,G9qpCdj1tJHiFAZi1ReTp5rTG3dufvUUt5b1oLuMnNVbt7x,22,#NAME?,703462-2,0x5ba2d8920149b77d53493bfd1570122601b3efa2b3cf82123486928204b31bc6,manually entered,#NAME?,#NAME?,#NAME?,#NAME?,#NAME?
6/14/2022 4:06,#NAME?,#NAME?,5,u0qj92QX9PQ,community-issued-income,Gcq1XoG9RhJNumGMX9Kq8GL4vAdDAHug2dP8dJPotc1SVAX,22,#NAME?,754306-2,0x0fad46303a0d25cd293781c20ba440293afc3a74f198b878a0770ecfeb12c89b,manually entered,#NAME?,#NAME?,#NAME?,#NAME?,#NAME?
6/14/2022 4:06,#NAME?,#NAME?,5,u0qj92QX9PQ,community-issued-income,GvbFy4pu3mw1bwv1kbXYhJGzLJHpjASA76bF3E5Qexjwn78,22,#NAME?,754306-2,0x0fad46303a0d25cd293781c20ba440293afc3a74f198b878a0770ecfeb12c89b,manually entered,#NAME?,#NAME?,#NAME?,#NAME?,#NAME?
6/14/2022 4:06,#NAME?,#NAME?,5,u0qj92QX9PQ,community-issued-income,D7rVoiGfcZZtkkJ7Ge2y1cvwjR9Gt283NRDMo5iXdRaatG8,22,#NAME?,754306-2,0x0fad46303a0d25cd293781c20ba440293afc3a74f198b878a0770ecfeb12c89b,manually entered,#NAME?,#NAME?,#NAME?,#NAME?,#NAME?
6/14/2022 4:06,#NAME?,#NAME?,5,u0qj92QX9PQ,community-issued-income,FkVQHbGjiyRVJPXbdVcSAbuE8rih1gW3W3wq1P8RiBy81C5,22,#NAME?,754306-2,0x0fad46303a0d25cd293781c20ba440293afc3a74f198b878a0770ecfeb12c89b,manually entered,#NAME?,#NAME?,#NAME?,#NAME?,#NAME?
6/14/2022 4:06,#NAME?,#NAME?,5,u0qj92QX9PQ,community-issued-income,DGeoBv3E9xniabhyWsSjd25Te8ZmjQ7zndc2VVbmU8zmZQB,22,#NAME?,754306-2,0x0fad46303a0d25cd293781c20ba440293afc3a74f198b878a0770ecfeb12c89b,manually entered,#NAME?,#NAME?,#NAME?,#NAME?,#NAME?
6/14/2022 4:06,#NAME?,#NAME?,5,u0qj92QX9PQ,community-issued-income,D2zbg4sstSdsof3g8Frt8vLgtVoWKCzwA97EzgyhaQNJf3U,22,#NAME?,754306-2,0x0fad46303a0d25cd293781c20ba440293afc3a74f198b878a0770ecfeb12c89b,manually entered,#NAME?,#NAME?,#NAME?,#NAME?,#NAME?
6/14/2022 4:06,#NAME?,#NAME?,5,u0qj92QX9PQ,community-issued-income,HxunEG4C3pzFGMKHYAVt3D6LgCSoLcodReJ4xziFPsNWCew,22,#NAME?,754306-2,0x0fad46303a0d25cd293781c20ba440293afc3a74f198b878a0770ecfeb12c89b,manually entered,#NAME?,#NAME?,#NAME?,#NAME?,#NAME?
6/14/2022 6:20,#NAME?,#NAME?,5,u0qj92QX9PQ,community-issued-income,EkJmC5SNKbHWQsNYpbNcYWcsWEQ55EnXHedAZVXaj7xRbwj,22,#NAME?,754800-2,0x19553c5975fa52a677aa608c9c081c2f0f54c288fc42dabe9de00bfec7fe410a,manually entered,#NAME?,#NAME?,#NAME?,#NAME?,#NAME?
6/14/2022 6:20,#NAME?,#NAME?,5,u0qj92QX9PQ,community-issued-income,FAD4Ui16sYovgoXq8STmgiv8CEBrDT6YZtUAtVAJigarnS5,22,#NAME?,754800-2,0x19553c5975fa52a677aa608c9c081c2f0f54c288fc42dabe9de00bfec7fe410a,manually entered,#NAME?,#NAME?,#NAME?,#NAME?,#NAME?
6/14/2022 6:20,#NAME?,#NAME?,5,u0qj92QX9PQ,community-issued-income,FRbRQveh4u5po7q8nmzoVRFtw8ZPbprjKDUmohQXFd9tz4g,22,#NAME?,754800-2,0x19553c5975fa52a677aa608c9c081c2f0f54c288fc42dabe9de00bfec7fe410a,manually entered,#NAME?,#NAME?,#NAME?,#NAME?,#NAME?
6/14/2022 8:22,#NAME?,#NAME?,5,u0qj92QX9PQ,community-issued-income,JLXmSrd7bP9b4DVqzEqaPH4kKUAA9sNr6TGn27sSaZkPeSc,22,#NAME?,755239-2,0x33b296646852c1c21c72c38026027c718b4bd847cf91b3d9d6480318425b9bf0,manually entered,#NAME?,#NAME?,#NAME?,#NAME?,#NAME?
6/14/2022 8:22,#NAME?,#NAME?,5,u0qj92QX9PQ,community-issued-income,EiNWZepGkC3FoYkF1UTb9VdNRZ9p1p8iUKaUQ4UvNKXB9Fr,22,#NAME?,755239-2,0x33b296646852c1c21c72c38026027c718b4bd847cf91b3d9d6480318425b9bf0,manually entered,#NAME?,#NAME?,#NAME?,#NAME?,#NAME?
6/14/2022 8:22,#NAME?,#NAME?,5,u0qj92QX9PQ,community-issued-income,Er9QXCwLbLPkSf3WWeiahQRDniM6RJCbwo2tyqfyG9PzJB6,22,#NAME?,755239-2,0x33b296646852c1c21c72c38026027c718b4bd847cf91b3d9d6480318425b9bf0,manually entered,#NAME?,#NAME?,#NAME?,#NAME?,#NAME?
6/14/2022 8:22,#NAME?,#NAME?,5,u0qj92QX9PQ,community-issued-income,CdiF7ePBGvDiCh9rKv7Xaf738ewkT9pyfUqEVTUPWF7WncS,22,#NAME?,755239-2,0x33b296646852c1c21c72c38026027c718b4bd847cf91b3d9d6480318425b9bf0,manually entered,#NAME?,#NAME?,#NAME?,#NAME?,#NAME?
6/14/2022 15:06,#NAME?,#NAME?,5,u0qj92QX9PQ,community-issued-income,GAZxDySC57QRMk6uVhENMMC4U2Chnz4uSf3w3tiBadzccpq,22,#NAME?,756711-2,0x8d2b799a309164c566a396329505bddccfa3994037fc16fa70d1ebdcaa533107,manually entered,#NAME?,#NAME?,#NAME?,#NAME?,#NAME?
6/14/2022 15:06,#NAME?,#NAME?,5,u0qj92QX9PQ,community-issued-income,J1SgLSKe415VLD691ugeD49tfLBXPz3KY5EZTywew81Tovd,22,#NAME?,756711-2,0x8d2b799a309164c566a396329505bddccfa3994037fc16fa70d1ebdcaa533107,manually entered,#NAME?,#NAME?,#NAME?,#NAME?,#NAME?
6/14/2022 15:06,#NAME?,#NAME?,5,u0qj92QX9PQ,community-issued-income,HUWGf9qBpDAtkBYWay7YhtwqnQiissfuoiSD8BGf85PHqzx,22,#NAME?,756711-2,0x8d2b799a309164c566a396329505bddccfa3994037fc16fa70d1ebdcaa533107,manually entered,#NAME?,#NAME?,#NAME?,#NAME?,#NAME?
6/14/2022 15:06,#NAME?,#NAME?,5,u0qj92QX9PQ,community-issued-income,HbfpB5N864w9wCuoJSZiL6cdci4Y7axWL37wNPrz1RVuvMZ,22,#NAME?,756711-2,0x8d2b799a309164c566a396329505bddccfa3994037fc16fa70d1ebdcaa533107,manually entered,#NAME?,#NAME?,#NAME?,#NAME?,#NAME?
6/14/2022 15:06,#NAME?,#NAME?,5,u0qj92QX9PQ,community-issued-income,J12bMLgMfjxxzjzkGSS6f5p5rPaZqxeP3SVaBHZTgyACpQH,22,#NAME?,756711-2,0x8d2b799a309164c566a396329505bddccfa3994037fc16fa70d1ebdcaa533107,manually entered,#NAME?,#NAME?,#NAME?,#NAME?,#NAME?
6/14/2022 15:06,#NAME?,#NAME?,5,u0qj92QX9PQ,community-issued-income,FvYmeSvNaU4CNRpKDLXovGtThjpUbSTZG48mppRM6NfGh34,22,#NAME?,756711-2,0x8d2b799a309164c566a396329505bddccfa3994037fc16fa70d1ebdcaa533107,manually entered,#NAME?,#NAME?,#NAME?,#NAME?,#NAME?
6/14/2022 15:06,#NAME?,#NAME?,5,u0qj92QX9PQ,community-issued-income,DymUy9EEtbbawPVXWxpChorUKs5GFA21uahP1K787kYq9GX,22,#NAME?,756711-2,0x8d2b799a309164c566a396329505bddccfa3994037fc16fa70d1ebdcaa533107,manually entered,#NAME?,#NAME?,#NAME?,#NAME?,#NAME?
6/24/2022 7:25,#NAME?,#NAME?,6,u0qj92QX9PQ,community-issued-income,FRbRQveh4u5po7q8nmzoVRFtw8ZPbprjKDUmohQXFd9tz4g,22,#NAME?,808023-2,0x840c31cef0e34b82767630d295cc02ed06d3fd1d09971696427bb98b4d6ea17e,manually entered,#NAME?,#NAME?,#NAME?,#NAME?,#NAME?
6/24/2022 7:25,#NAME?,#NAME?,6,u0qj92QX9PQ,community-issued-income,G1nHEhGNfep7gjnt3uMYzR2BrJe1UB6vSSjjm8DHTEUwF1a,22,#NAME?,808023-2,0x840c31cef0e34b82767630d295cc02ed06d3fd1d09971696427bb98b4d6ea17e,manually entered,#NAME?,#NAME?,#NAME?,#NAME?,#NAME?
6/24/2022 7:25,#NAME?,#NAME?,6,u0qj92QX9PQ,community-issued-income,HbfpB5N864w9wCuoJSZiL6cdci4Y7axWL37wNPrz1RVuvMZ,22,#NAME?,808023-2,0x840c31cef0e34b82767630d295cc02ed06d3fd1d09971696427bb98b4d6ea17e,manually entered,#NAME?,#NAME?,#NAME?,#NAME?,#NAME?
6/24/2022 7:25,#NAME?,#NAME?,6,u0qj92QX9PQ,community-issued-income,J959PxDzsWgNRnyPkj8NGvGpPtZFwFdpKLWHLcpoE91WAy4,22,#NAME?,808023-2,0x840c31cef0e34b82767630d295cc02ed06d3fd1d09971696427bb98b4d6ea17e,manually entered,#NAME?,#NAME?,#NAME?,#NAME?,#NAME?
6/24/2022 7:25,#NAME?,#NAME?,6,u0qj92QX9PQ,community-issued-income,HHHgn1FAGRA5oshW3QBHFf3aUoqnY8omgqEqug4wSEs9tVY,22,#NAME?,808023-2,0x840c31cef0e34b82767630d295cc02ed06d3fd1d09971696427bb98b4d6ea17e,manually entered,#NAME?,#NAME?,#NAME?,#NAME?,#NAME?
6/24/2022 7:25,#NAME?,#NAME?,6,u0qj92QX9PQ,community-issued-income,J1SgLSKe415VLD691ugeD49tfLBXPz3KY5EZTywew81Tovd,22,#NAME?,808023-2,0x840c31cef0e34b82767630d295cc02ed06d3fd1d09971696427bb98b4d6ea17e,manually entered,#NAME?,#NAME?,#NAME?,#NAME?,#NAME?
6/24/2022 7:25,#NAME?,#NAME?,6,u0qj92QX9PQ,community-issued-income,G9qpCdj1tJHiFAZi1ReTp5rTG3dufvUUt5b1oLuMnNVbt7x,22,#NAME?,808023-2,0x840c31cef0e34b82767630d295cc02ed06d3fd1d09971696427bb98b4d6ea17e,manually entered,#NAME?,#NAME?,#NAME?,#NAME?,#NAME?
6/24/2022 7:25,#NAME?,#NAME?,6,u0qj92QX9PQ,community-issued-income,GRyz4h63x9jwXM7j7zsbVWZvM2SB96hFCuyDbPeod8gCknu,22,#NAME?,808023-2,0x840c31cef0e34b82767630d295cc02ed06d3fd1d09971696427bb98b4d6ea17e,manually entered,#NAME?,#NAME?,#NAME?,#NAME?,#NAME?
6/26/2022 6:05,#NAME?,#NAME?,6,u0qj9QqA2Q,community-issued-income,GAZxDySC57QRMk6uVhENMMC4U2Chnz4uSf3w3tiBadzccpq,22,#NAME?,,,manually entered,#NAME?,#NAME?,#NAME?,#NAME?,#NAME?
6/26/2022 6:05,#NAME?,#NAME?,6,u0qj9QqA2Q,community-issued-income,FkVQHbGjiyRVJPXbdVcSAbuE8rih1gW3W3wq1P8RiBy81C5,22,#NAME?,,,manually entered,#NAME?,#NAME?,#NAME?,#NAME?,#NAME?
6/26/2022 6:05,#NAME?,#NAME?,6,u0qj9QqA2Q,community-issued-income,ESCTuHMvWCFHX1vGHbjhipfAKavNgyfiMaJu1eZnGDfsWd8,22,#NAME?,,,manually entered,#NAME?,#NAME?,#NAME?,#NAME?,#NAME?
6/26/2022 6:05,#NAME?,#NAME?,6,u0qj9QqA2Q,community-issued-income,DymUy9EEtbbawPVXWxpChorUKs5GFA21uahP1K787kYq9GX,22,#NAME?,,,manually entered,#NAME?,#NAME?,#NAME?,#NAME?,#NAME?
6/26/2022 6:05,#NAME?,#NAME?,6,u0qj9QqA2Q,community-issued-income,DrnAdEGUBUjYYRrjRp7m5GnbncuDcKL4Km2yTYEXXYAYPwM,22,#NAME?,,,manually entered,#NAME?,#NAME?,#NAME?,#NAME?,#NAME?
6/26/2022 6:05,#NAME?,#NAME?,6,u0qj9QqA2Q,community-issued-income,DoAxzU3YrMM3BcX9cXQMe2LHmKESfmPmWApQ7PtkHzZg7LQ,22,#NAME?,,,manually entered,#NAME?,#NAME?,#NAME?,#NAME?,#NAME?
6/26/2022 6:05,#NAME?,#NAME?,6,u0qj9QqA2Q,community-issued-income,GSG9Xg7UqZMknPVC1bC1P9WwMXomhDBA6ypGK6qvZh6YAoe,22,#NAME?,,,manually entered,#NAME?,#NAME?,#NAME?,#NAME?,#NAME?
6/26/2022 6:05,#NAME?,#NAME?,6,u0qj9QqA2Q,community-issued-income,Cma92HccjSgKVfHuBF1bEULoAfEQrg7bKYC3nn1zf2EYfee,22,#NAME?,,,manually entered,#NAME?,#NAME?,#NAME?,#NAME?,#NAME?
6/26/2022 6:05,#NAME?,#NAME?,6,u0qj9QqA2Q,community-issued-income,EmELkHnmphHH6yCrVwgQUBPoSqrHijRxJaAsGDpDmnmbLGW,22,#NAME?,,,manually entered,#NAME?,#NAME?,#NAME?,#NAME?,#NAME?
6/26/2022 6:05,#NAME?,#NAME?,6,u0qj9QqA2Q,community-issued-income,HxunEG4C3pzFGMKHYAVt3D6LgCSoLcodReJ4xziFPsNWCew,22,#NAME?,,,manually entered,#NAME?,#NAME?,#NAME?,#NAME?,#NAME?
6/26/2022 6:05,#NAME?,#NAME?,6,u0qj9QqA2Q,community-issued-income,EiNWZepGkC3FoYkF1UTb9VdNRZ9p1p8iUKaUQ4UvNKXB9Fr,22,#NAME?,,,manually entered,#NAME?,#NAME?,#NAME?,#NAME?,#NAME?
6/26/2022 6:05,#NAME?,#NAME?,6,u0qj9QqA2Q,community-issued-income,DynffoKf7aZ9667cP6bHpj7cocPiPUHzxYbpYz8zRXTR5BH,22,#NAME?,,,manually entered,#NAME?,#NAME?,#NAME?,#NAME?,#NAME?
6/26/2022 6:05,#NAME?,#NAME?,6,u0qj9QqA2Q,community-issued-income,HcB7us92Dsz1rfaZvckAspSJ9jd7PyAm1N46hzE9Ydn2m6D,22,#NAME?,,,manually entered,#NAME?,#NAME?,#NAME?,#NAME?,#NAME?
6/26/2022 6:05,#NAME?,#NAME?,6,u0qj9QqA2Q,community-issued-income,EDSzASJvcVqpx6TxJChD9PYwFaSfC62nwCGNBSviTUuxQ3k,22,#NAME?,,,manually entered,#NAME?,#NAME?,#NAME?,#NAME?,#NAME?
6/26/2022 6:05,#NAME?,#NAME?,6,u0qj9QqA2Q,community-issued-income,HUWGf9qBpDAtkBYWay7YhtwqnQiissfuoiSD8BGf85PHqzx,22,#NAME?,,,manually entered,#NAME?,#NAME?,#NAME?,#NAME?,#NAME?
6/26/2022 6:05,#NAME?,#NAME?,6,u0qj9QqA2Q,community-issued-income,FLgT3acPapRrP9LKobjT5PRMCamwfSbruEkHYwmgCK1oMmR,22,#NAME?,,,manually entered,#NAME?,#NAME?,#NAME?,#NAME?,#NAME?
6/26/2022 6:05,#NAME?,#NAME?,6,u0qj9QqA2Q,community-issued-income,FXf7iTJH5EeoK2mdGxTqToyHeoQgS4EchLNZucjFrpGDZEF,22,#NAME?,,,manually entered,#NAME?,#NAME?,#NAME?,#NAME?,#NAME?
6/26/2022 6:05,#NAME?,#NAME?,6,u0qj9QqA2Q,community-issued-income,DGeoBv3E9xniabhyWsSjd25Te8ZmjQ7zndc2VVbmU8zmZQB,22,#NAME?,,,manually entered,#NAME?,#NAME?,#NAME?,#NAME?,#NAME?
6/26/2022 6:05,#NAME?,#NAME?,6,u0qj9QqA2Q,community-issued-income,Di99SbfEyNFYfYNPvdjYWjcSAVuUz6hSDdFKJmju3GmoAec,22,#NAME?,,,manually entered,#NAME?,#NAME?,#NAME?,#NAME?,#NAME?
6/26/2022 6:05,#NAME?,#NAME?,6,u0qj9QqA2Q,community-issued-income,DDQ4VpiRtb7F3DC8VP42ZryC7mrJutoy6kgqdFDpraZ3EL8,22,#NAME?,,,manually entered,#NAME?,#NAME?,#NAME?,#NAME?,#NAME?
6/26/2022 6:05,#NAME?,#NAME?,6,u0qj9QqA2Q,community-issued-income,Fm54xwKMKuP3iveGY5AvmJjWbPTvqvEBEnsArSB7r5HfPkD,22,#NAME?,,,manually entered,#NAME?,#NAME?,#NAME?,#NAME?,#NAME?
6/26/2022 6:05,#NAME?,#NAME?,6,u0qj9QqA2Q,community-issued-income,EoCiN54WHN7ZgRL2RpRQnGyNbSxnYgMsBN96TSCCoDNkhxb,22,#NAME?,,,manually entered,#NAME?,#NAME?,#NAME?,#NAME?,#NAME?
6/26/2022 6:05,#NAME?,#NAME?,6,u0qj9QqA2Q,community-issued-income,GppmxR9fQMaWeCAA8eke6LWcg4d8EeSpAfxPaJUXdiakYzf,22,#NAME?,,,manually entered,#NAME?,#NAME?,#NAME?,#NAME?,#NAME?
6/26/2022 6:05,#NAME?,#NAME?,6,u0qj9QqA2Q,community-issued-income,DB5XmhTL1YXDtxeqqz8takQ4QdoS4kqXDsCbgk41LXxoUbs,22,#NAME?,,,manually entered,#NAME?,#NAME?,#NAME?,#NAME?,#NAME?
6/26/2022 6:05,#NAME?,#NAME?,6,u0qj9QqA2Q,community-issued-income,DVTTBcZs1WCN3crdScG1bxVTXTM5PyAxY6xiBKmD9yV9JDd,22,#NAME?,,,manually entered,#NAME?,#NAME?,#NAME?,#NAME?,#NAME?
6/26/2022 6:05,#NAME?,#NAME?,6,u0qj9QqA2Q,community-issued-income,DyeMQe8B5b2PpCUirfaheKEEsk1nJCpNbuvykQBDbrK5TWt,22,#NAME?,,,manually entered,#NAME?,#NAME?,#NAME?,#NAME?,#NAME?
7/4/2022 3:55,#NAME?,#NAME?,8,u0qj9QqA2Q,community-issued-income,FvYmeSvNaU4CNRpKDLXovGtThjpUbSTZG48mppRM6NfGh34,22,#NAME?,857860-2,0x3c6bcdbbf0a5b7d39393786ae4f29317261850c0248c9c84e899fabbad6e6feb,manually entered,#NAME?,#NAME?,#NAME?,#NAME?,#NAME?
7/4/2022 3:55,#NAME?,#NAME?,8,u0qj9QqA2Q,community-issued-income,GppmxR9fQMaWeCAA8eke6LWcg4d8EeSpAfxPaJUXdiakYzf,22,#NAME?,857860-2,0x3c6bcdbbf0a5b7d39393786ae4f29317261850c0248c9c84e899fabbad6e6feb,manually entered,#NAME?,#NAME?,#NAME?,#NAME?,#NAME?
7/4/2022 3:55,#NAME?,#NAME?,8,u0qj9QqA2Q,community-issued-income,DymUy9EEtbbawPVXWxpChorUKs5GFA21uahP1K787kYq9GX,22,#NAME?,857860-2,0x3c6bcdbbf0a5b7d39393786ae4f29317261850c0248c9c84e899fabbad6e6feb,manually entered,#NAME?,#NAME?,#NAME?,#NAME?,#NAME?
7/4/2022 3:55,#NAME?,#NAME?,8,u0qj9QqA2Q,community-issued-income,J12bMLgMfjxxzjzkGSS6f5p5rPaZqxeP3SVaBHZTgyACpQH,22,#NAME?,857860-2,0x3c6bcdbbf0a5b7d39393786ae4f29317261850c0248c9c84e899fabbad6e6feb,manually entered,#NAME?,#NAME?,#NAME?,#NAME?,#NAME?
7/4/2022 3:55,#NAME?,#NAME?,8,u0qj9QqA2Q,community-issued-income,Gcq1XoG9RhJNumGMX9Kq8GL4vAdDAHug2dP8dJPotc1SVAX,22,#NAME?,857860-2,0x3c6bcdbbf0a5b7d39393786ae4f29317261850c0248c9c84e899fabbad6e6feb,manually entered,#NAME?,#NAME?,#NAME?,#NAME?,#NAME?
7/4/2022 3:55,#NAME?,#NAME?,8,u0qj9QqA2Q,community-issued-income,FRbRQveh4u5po7q8nmzoVRFtw8ZPbprjKDUmohQXFd9tz4g,22,#NAME?,857860-2,0x3c6bcdbbf0a5b7d39393786ae4f29317261850c0248c9c84e899fabbad6e6feb,manually entered,#NAME?,#NAME?,#NAME?,#NAME?,#NAME?
7/4/2022 3:55,#NAME?,#NAME?,8,u0qj9QqA2Q,community-issued-income,EmELkHnmphHH6yCrVwgQUBPoSqrHijRxJaAsGDpDmnmbLGW,22,#NAME?,857860-2,0x3c6bcdbbf0a5b7d39393786ae4f29317261850c0248c9c84e899fabbad6e6feb,manually entered,#NAME?,#NAME?,#NAME?,#NAME?,#NAME?
7/4/2022 3:55,#NAME?,#NAME?,8,u0qj9QqA2Q,community-issued-income,J1SgLSKe415VLD691ugeD49tfLBXPz3KY5EZTywew81Tovd,22,#NAME?,857860-2,0x3c6bcdbbf0a5b7d39393786ae4f29317261850c0248c9c84e899fabbad6e6feb,manually entered,#NAME?,#NAME?,#NAME?,#NAME?,#NAME?
7/4/2022 3:55,#NAME?,#NAME?,8,u0qj9QqA2Q,community-issued-income,D7rVoiGfcZZtkkJ7Ge2y1cvwjR9Gt283NRDMo5iXdRaatG8,22,#NAME?,857860-2,0x3c6bcdbbf0a5b7d39393786ae4f29317261850c0248c9c84e899fabbad6e6feb,manually entered,#NAME?,#NAME?,#NAME?,#NAME?,#NAME?
7/14/2022 5:16,#NAME?,#NAME?,9,u0qj9QqA2Q,community-issued-income,DDQ4VpiRtb7F3DC8VP42ZryC7mrJutoy6kgqdFDpraZ3EL8,22,#NAME?,907999-2,0xdfa39911dc44e4af858cb5c17cbe44921cd51b6f9e3b47b296c195feb5ca13e2,manually entered,#NAME?,#NAME?,#NAME?,#NAME?,#NAME?
7/14/2022 5:16,#NAME?,#NAME?,9,u0qj9QqA2Q,community-issued-income,J1SgLSKe415VLD691ugeD49tfLBXPz3KY5EZTywew81Tovd,22,#NAME?,907999-2,0xdfa39911dc44e4af858cb5c17cbe44921cd51b6f9e3b47b296c195feb5ca13e2,manually entered,#NAME?,#NAME?,#NAME?,#NAME?,#NAME?
7/14/2022 5:16,#NAME?,#NAME?,9,u0qj9QqA2Q,community-issued-income,GSG9Xg7UqZMknPVC1bC1P9WwMXomhDBA6ypGK6qvZh6YAoe,22,#NAME?,907999-2,0xdfa39911dc44e4af858cb5c17cbe44921cd51b6f9e3b47b296c195feb5ca13e2,manually entered,#NAME?,#NAME?,#NAME?,#NAME?,#NAME?
7/14/2022 5:16,#NAME?,#NAME?,9,u0qj9QqA2Q,community-issued-income,J12bMLgMfjxxzjzkGSS6f5p5rPaZqxeP3SVaBHZTgyACpQH,22,#NAME?,907999-2,0xdfa39911dc44e4af858cb5c17cbe44921cd51b6f9e3b47b296c195feb5ca13e2,manually entered,#NAME?,#NAME?,#NAME?,#NAME?,#NAME?
7/14/2022 5:16,#NAME?,#NAME?,9,u0qj9QqA2Q,community-issued-income,JLXmSrd7bP9b4DVqzEqaPH4kKUAA9sNr6TGn27sSaZkPeSc,22,#NAME?,907999-2,0xdfa39911dc44e4af858cb5c17cbe44921cd51b6f9e3b47b296c195feb5ca13e2,manually entered,#NAME?,#NAME?,#NAME?,#NAME?,#NAME?
7/14/2022 5:16,#NAME?,#NAME?,9,u0qj9QqA2Q,community-issued-income,DYV4wcmBUAM3d5qw2svQM7CC5Y5MSR4ED9Zo5JjBP1kGBg5,22,#NAME?,907999-2,0xdfa39911dc44e4af858cb5c17cbe44921cd51b6f9e3b47b296c195feb5ca13e2,manually entered,#NAME?,#NAME?,#NAME?,#NAME?,#NAME?
7/14/2022 5:24,#NAME?,#NAME?,9,u0qj9QqA2Q,community-issued-income,DB5XmhTL1YXDtxeqqz8takQ4QdoS4kqXDsCbgk41LXxoUbs,22,#NAME?,908024-2,0x1089bf9b7fd6ed968551b7c878912c9865a3940a4cb509a6cbbfd04a9cb23f3d,manually entered,#NAME?,#NAME?,#NAME?,#NAME?,#NAME?
7/14/2022 5:24,#NAME?,#NAME?,9,u0qj9QqA2Q,community-issued-income,EmELkHnmphHH6yCrVwgQUBPoSqrHijRxJaAsGDpDmnmbLGW,22,#NAME?,908024-2,0x1089bf9b7fd6ed968551b7c878912c9865a3940a4cb509a6cbbfd04a9cb23f3d,manually entered,#NAME?,#NAME?,#NAME?,#NAME?,#NAME?
7/14/2022 5:24,#NAME?,#NAME?,9,u0qj9QqA2Q,community-issued-income,FZhCPgdvqKUSyrXucfc4gkfkWiA1VZtU2YeSLLvGFtQx3Ms,22,#NAME?,908024-2,0x1089bf9b7fd6ed968551b7c878912c9865a3940a4cb509a6cbbfd04a9cb23f3d,manually entered,#NAME?,#NAME?,#NAME?,#NAME?,#NAME?
7/14/2022 5:24,#NAME?,#NAME?,9,u0qj9QqA2Q,community-issued-income,HxunEG4C3pzFGMKHYAVt3D6LgCSoLcodReJ4xziFPsNWCew,22,#NAME?,908024-2,0x1089bf9b7fd6ed968551b7c878912c9865a3940a4cb509a6cbbfd04a9cb23f3d,manually entered,#NAME?,#NAME?,#NAME?,#NAME?,#NAME?
7/14/2022 5:24,#NAME?,#NAME?,9,u0qj9QqA2Q,community-issued-income,GppmxR9fQMaWeCAA8eke6LWcg4d8EeSpAfxPaJUXdiakYzf,22,#NAME?,908024-2,0x1089bf9b7fd6ed968551b7c878912c9865a3940a4cb509a6cbbfd04a9cb23f3d,manually entered,#NAME?,#NAME?,#NAME?,#NAME?,#NAME?
7/14/2022 5:24,#NAME?,#NAME?,9,u0qj9QqA2Q,community-issued-income,DymUy9EEtbbawPVXWxpChorUKs5GFA21uahP1K787kYq9GX,22,#NAME?,908024-2,0x1089bf9b7fd6ed968551b7c878912c9865a3940a4cb509a6cbbfd04a9cb23f3d,manually entered,#NAME?,#NAME?,#NAME?,#NAME?,#NAME?
7/14/2022 5:24,#NAME?,#NAME?,9,u0qj9QqA2Q,community-issued-income,EiNWZepGkC3FoYkF1UTb9VdNRZ9p1p8iUKaUQ4UvNKXB9Fr,22,#NAME?,908024-2,0x1089bf9b7fd6ed968551b7c878912c9865a3940a4cb509a6cbbfd04a9cb23f3d,manually entered,#NAME?,#NAME?,#NAME?,#NAME?,#NAME?
7/14/2022 6:57,#NAME?,#NAME?,9,u0qj9QqA2Q,community-issued-income,G9qpCdj1tJHiFAZi1ReTp5rTG3dufvUUt5b1oLuMnNVbt7x,22,#NAME?,908343-2,0x349ebfdfa09d73746ff980105e8e4030310ba2a96b0b8b34008565f2581e72f8,manually entered,#NAME?,#NAME?,#NAME?,#NAME?,#NAME?
7/14/2022 6:57,#NAME?,#NAME?,9,u0qj9QqA2Q,community-issued-income,DoAxzU3YrMM3BcX9cXQMe2LHmKESfmPmWApQ7PtkHzZg7LQ,22,#NAME?,908343-2,0x349ebfdfa09d73746ff980105e8e4030310ba2a96b0b8b34008565f2581e72f8,manually entered,#NAME?,#NAME?,#NAME?,#NAME?,#NAME?
7/14/2022 6:57,#NAME?,#NAME?,9,u0qj9QqA2Q,community-issued-income,J4q6Kqok1XF6wA3hQj7VCgfwc4Bib3Btj3JJLwAjavCfFWc,22,#NAME?,908343-2,0x349ebfdfa09d73746ff980105e8e4030310ba2a96b0b8b34008565f2581e72f8,manually entered,#NAME?,#NAME?,#NAME?,#NAME?,#NAME?
7/14/2022 6:57,#NAME?,#NAME?,9,u0qj9QqA2Q,community-issued-income,EY1itJfNnmZn8cPXcDQXAkxAL4WkJgZKdpRJJLHYamD85WH,22,#NAME?,908343-2,0x349ebfdfa09d73746ff980105e8e4030310ba2a96b0b8b34008565f2581e72f8,manually entered,#NAME?,#NAME?,#NAME?,#NAME?,#NAME?
7/14/2022 6:57,#NAME?,#NAME?,9,u0qj9QqA2Q,community-issued-income,DGeoBv3E9xniabhyWsSjd25Te8ZmjQ7zndc2VVbmU8zmZQB,22,#NAME?,908343-2,0x349ebfdfa09d73746ff980105e8e4030310ba2a96b0b8b34008565f2581e72f8,manually entered,#NAME?,#NAME?,#NAME?,#NAME?,#NAME?
7/14/2022 6:57,#NAME?,#NAME?,9,u0qj9QqA2Q,community-issued-income,EkJmC5SNKbHWQsNYpbNcYWcsWEQ55EnXHedAZVXaj7xRbwj,22,#NAME?,908343-2,0x349ebfdfa09d73746ff980105e8e4030310ba2a96b0b8b34008565f2581e72f8,manually entered,#NAME?,#NAME?,#NAME?,#NAME?,#NAME?
7/14/2022 10:28,#NAME?,#NAME?,9,u0qj9QqA2Q,community-issued-income,Dfw5uU34NqMKcFhJtaNkZN33ejJS9RXsBw6aaJ6xa2xpNVG,22,#NAME?,909053-2,0x94ada25f6bd773126574e4decdd84e61f511d1926f487bea27ba644591ff22a1,manually entered,#NAME?,#NAME?,#NAME?,#NAME?,#NAME?
7/14/2022 10:28,#NAME?,#NAME?,9,u0qj9QqA2Q,community-issued-income,GvbFy4pu3mw1bwv1kbXYhJGzLJHpjASA76bF3E5Qexjwn78,22,#NAME?,909053-2,0x94ada25f6bd773126574e4decdd84e61f511d1926f487bea27ba644591ff22a1,manually entered,#NAME?,#NAME?,#NAME?,#NAME?,#NAME?
7/14/2022 10:28,#NAME?,#NAME?,9,u0qj9QqA2Q,community-issued-income,Eqs8V3LgCPeUxTxUrjGBNVQGrk1SKDJNacTKwp8w7ZAVm7x,22,#NAME?,909053-2,0x94ada25f6bd773126574e4decdd84e61f511d1926f487bea27ba644591ff22a1,manually entered,#NAME?,#NAME?,#NAME?,#NAME?,#NAME?
7/14/2022 10:28,#NAME?,#NAME?,9,u0qj9QqA2Q,community-issued-income,JHHR6FGrSSnLEj2KA4iYvz9ZTsv6jfPnU69SXiamEgiG6vp,22,#NAME?,909053-2,0x94ada25f6bd773126574e4decdd84e61f511d1926f487bea27ba644591ff22a1,manually entered,#NAME?,#NAME?,#NAME?,#NAME?,#NAME?
7/14/2022 10:28,#NAME?,#NAME?,9,u0qj9QqA2Q,community-issued-income,Efb2bMz8shUfnQDP9babCHBFRh3TmgYHQXtFAEdupdPBpR4,22,#NAME?,909053-2,0x94ada25f6bd773126574e4decdd84e61f511d1926f487bea27ba644591ff22a1,manually entered,#NAME?,#NAME?,#NAME?,#NAME?,#NAME?
7/14/2022 10:28,#NAME?,#NAME?,9,u0qj9QqA2Q,community-issued-income,HkGfnrM9d4HhC7XsZsFzNJFMrSnKQAkJQAfRu6qXG5hYT52,22,#NAME?,909053-2,0x94ada25f6bd773126574e4decdd84e61f511d1926f487bea27ba644591ff22a1,manually entered,#NAME?,#NAME?,#NAME?,#NAME?,#NAME?
7/14/2022 10:28,#NAME?,#NAME?,9,u0qj9QqA2Q,community-issued-income,H7eAWCGM5HhwPaUvHJA6ptD4aPoXp6qgCG6jWMzfBdMWQXQ,22,#NAME?,909053-2,0x94ada25f6bd773126574e4decdd84e61f511d1926f487bea27ba644591ff22a1,manually entered,#NAME?,#NAME?,#NAME?,#NAME?,#NAME?
7/24/2022 4:18,#NAME?,#NAME?,10,u0qj9QqA2Q,community-issued-income,Dquyq1jkqgcF3Yh3GhCthvQiHLYC9Fz8TbsrsYjFQz1PSqB,22,#NAME?,957754-2,0x9f0a6c02eccf5513756cde265e9ee86e1b31b3bc4ddd3b7f49f9a23360ee98ce,manually entered,#NAME?,#NAME?,#NAME?,#NAME?,#NAME?
7/24/2022 4:18,#NAME?,#NAME?,10,u0qj9QqA2Q,community-issued-income,Gcq1XoG9RhJNumGMX9Kq8GL4vAdDAHug2dP8dJPotc1SVAX,22,#NAME?,957754-2,0x9f0a6c02eccf5513756cde265e9ee86e1b31b3bc4ddd3b7f49f9a23360ee98ce,manually entered,#NAME?,#NAME?,#NAME?,#NAME?,#NAME?
7/24/2022 4:18,#NAME?,#NAME?,10,u0qj9QqA2Q,community-issued-income,FrDCcFpeoVhYf3cpYhpEKHdsCVuTjngfwESFNaRce4U7MfY,22,#NAME?,957754-2,0x9f0a6c02eccf5513756cde265e9ee86e1b31b3bc4ddd3b7f49f9a23360ee98ce,manually entered,#NAME?,#NAME?,#NAME?,#NAME?,#NAME?
7/24/2022 4:18,#NAME?,#NAME?,10,u0qj9QqA2Q,community-issued-income,Fa8LDDisNXmeFaZX1tJKPDvdFMAwYnmSd92S2G2nYr7K9Mv,22,#NAME?,957754-2,0x9f0a6c02eccf5513756cde265e9ee86e1b31b3bc4ddd3b7f49f9a23360ee98ce,manually entered,#NAME?,#NAME?,#NAME?,#NAME?,#NAME?
7/24/2022 4:18,#NAME?,#NAME?,10,u0qj9QqA2Q,community-issued-income,EiNWZepGkC3FoYkF1UTb9VdNRZ9p1p8iUKaUQ4UvNKXB9Fr,22,#NAME?,957754-2,0x9f0a6c02eccf5513756cde265e9ee86e1b31b3bc4ddd3b7f49f9a23360ee98ce,manually entered,#NAME?,#NAME?,#NAME?,#NAME?,#NAME?
7/24/2022 4:18,#NAME?,#NAME?,10,u0qj9QqA2Q,community-issued-income,H7eAWCGM5HhwPaUvHJA6ptD4aPoXp6qgCG6jWMzfBdMWQXQ,22,#NAME?,957754-2,0x9f0a6c02eccf5513756cde265e9ee86e1b31b3bc4ddd3b7f49f9a23360ee98ce,manually entered,#NAME?,#NAME?,#NAME?,#NAME?,#NAME?
7/24/2022 4:18,#NAME?,#NAME?,10,u0qj9QqA2Q,community-issued-income,G9qpCdj1tJHiFAZi1ReTp5rTG3dufvUUt5b1oLuMnNVbt7x,22,#NAME?,957754-2,0x9f0a6c02eccf5513756cde265e9ee86e1b31b3bc4ddd3b7f49f9a23360ee98ce,manually entered,#NAME?,#NAME?,#NAME?,#NAME?,#NAME?
7/24/2022 7:29,#NAME?,#NAME?,10,u0qj9QqA2Q,community-issued-income,GSG9Xg7UqZMknPVC1bC1P9WwMXomhDBA6ypGK6qvZh6YAoe,22,#NAME?,958447-2,0x0fce879c29fd140a97d1cabd213b4ef8f27c367e01ca6726fb1755f6c7edd4ca,manually entered,#NAME?,#NAME?,#NAME?,#NAME?,#NAME?
7/24/2022 7:29,#NAME?,#NAME?,10,u0qj9QqA2Q,community-issued-income,DT3mb2BfK2b4u6SAUUfp8eUp1aXFLcfkzCgqKLJFYdcGeTD,22,#NAME?,958447-2,0x0fce879c29fd140a97d1cabd213b4ef8f27c367e01ca6726fb1755f6c7edd4ca,manually entered,#NAME?,#NAME?,#NAME?,#NAME?,#NAME?
7/24/2022 7:29,#NAME?,#NAME?,10,u0qj9QqA2Q,community-issued-income,EmELkHnmphHH6yCrVwgQUBPoSqrHijRxJaAsGDpDmnmbLGW,22,#NAME?,958447-2,0x0fce879c29fd140a97d1cabd213b4ef8f27c367e01ca6726fb1755f6c7edd4ca,manually entered,#NAME?,#NAME?,#NAME?,#NAME?,#NAME?
7/24/2022 7:29,#NAME?,#NAME?,10,u0qj9QqA2Q,community-issued-income,JHHR6FGrSSnLEj2KA4iYvz9ZTsv6jfPnU69SXiamEgiG6vp,22,#NAME?,958447-2,0x0fce879c29fd140a97d1cabd213b4ef8f27c367e01ca6726fb1755f6c7edd4ca,manually entered,#NAME?,#NAME?,#NAME?,#NAME?,#NAME?
7/24/2022 7:29,#NAME?,#NAME?,10,u0qj9QqA2Q,community-issued-income,HxunEG4C3pzFGMKHYAVt3D6LgCSoLcodReJ4xziFPsNWCew,22,#NAME?,958447-2,0x0fce879c29fd140a97d1cabd213b4ef8f27c367e01ca6726fb1755f6c7edd4ca,manually entered,#NAME?,#NAME?,#NAME?,#NAME?,#NAME?
7/24/2022 7:29,#NAME?,#NAME?,10,u0qj9QqA2Q,community-issued-income,DYV4wcmBUAM3d5qw2svQM7CC5Y5MSR4ED9Zo5JjBP1kGBg5,22,#NAME?,958447-2,0x0fce879c29fd140a97d1cabd213b4ef8f27c367e01ca6726fb1755f6c7edd4ca,manually entered,#NAME?,#NAME?,#NAME?,#NAME?,#NAME?
7/24/2022 7:44,#NAME?,#NAME?,10,u0qj9QqA2Q,community-issued-income,J4q6Kqok1XF6wA3hQj7VCgfwc4Bib3Btj3JJLwAjavCfFWc,22,#NAME?,958495-2,0x078d4bd2c262fa7fc35ff246d8a3d52a8e5f5049484db1d91e8018d5963941d4,manually entered,#NAME?,#NAME?,#NAME?,#NAME?,#NAME?
7/24/2022 7:44,#NAME?,#NAME?,10,u0qj9QqA2Q,community-issued-income,DoAxzU3YrMM3BcX9cXQMe2LHmKESfmPmWApQ7PtkHzZg7LQ,22,#NAME?,958495-2,0x078d4bd2c262fa7fc35ff246d8a3d52a8e5f5049484db1d91e8018d5963941d4,manually entered,#NAME?,#NAME?,#NAME?,#NAME?,#NAME?
7/24/2022 7:44,#NAME?,#NAME?,10,u0qj9QqA2Q,community-issued-income,EY1itJfNnmZn8cPXcDQXAkxAL4WkJgZKdpRJJLHYamD85WH,22,#NAME?,958495-2,0x078d4bd2c262fa7fc35ff246d8a3d52a8e5f5049484db1d91e8018d5963941d4,manually entered,#NAME?,#NAME?,#NAME?,#NAME?,#NAME?
7/24/2022 7:44,#NAME?,#NAME?,10,u0qj9QqA2Q,community-issued-income,GppmxR9fQMaWeCAA8eke6LWcg4d8EeSpAfxPaJUXdiakYzf,22,#NAME?,958495-2,0x078d4bd2c262fa7fc35ff246d8a3d52a8e5f5049484db1d91e8018d5963941d4,manually entered,#NAME?,#NAME?,#NAME?,#NAME?,#NAME?
7/24/2022 7:44,#NAME?,#NAME?,10,u0qj9QqA2Q,community-issued-income,FRbRQveh4u5po7q8nmzoVRFtw8ZPbprjKDUmohQXFd9tz4g,22,#NAME?,958495-2,0x078d4bd2c262fa7fc35ff246d8a3d52a8e5f5049484db1d91e8018d5963941d4,manually entered,#NAME?,#NAME?,#NAME?,#NAME?,#NAME?
8/3/2022 4:00,#NAME?,#NAME?,11,u0qj9QqA2Q,community-issued-income,DoAxzU3YrMM3BcX9cXQMe2LHmKESfmPmWApQ7PtkHzZg7LQ,22,#NAME?,1006712-2,0xc120482a979f70261c4ad4f1d7b258a043bda8862f1362f6f765ff426550def6,manually entered,#NAME?,#NAME?,#NAME?,#NAME?,#NAME?
8/3/2022 4:00,#NAME?,#NAME?,11,u0qj9QqA2Q,community-issued-income,Gcq1XoG9RhJNumGMX9Kq8GL4vAdDAHug2dP8dJPotc1SVAX,22,#NAME?,1006712-2,0xc120482a979f70261c4ad4f1d7b258a043bda8862f1362f6f765ff426550def6,manually entered,#NAME?,#NAME?,#NAME?,#NAME?,#NAME?
8/3/2022 4:00,#NAME?,#NAME?,11,u0qj9QqA2Q,community-issued-income,E82WMBQqcV1Nn3HjB3mk8dUf4rRQqKr6P6LcdBL5oNH6czw,22,#NAME?,1006712-2,0xc120482a979f70261c4ad4f1d7b258a043bda8862f1362f6f765ff426550def6,manually entered,#NAME?,#NAME?,#NAME?,#NAME?,#NAME?
8/3/2022 7:01,#NAME?,#NAME?,11,u0qj9QqA2Q,community-issued-income,Er9QXCwLbLPkSf3WWeiahQRDniM6RJCbwo2tyqfyG9PzJB6,22,#NAME?,1007312-2,0x84c2490308d3a2cac30284aa6ecd535c16e75ea987336a14c0ecbe3c59d178f1,manually entered,#NAME?,#NAME?,#NAME?,#NAME?,#NAME?
8/3/2022 7:01,#NAME?,#NAME?,11,u0qj9QqA2Q,community-issued-income,EkJmC5SNKbHWQsNYpbNcYWcsWEQ55EnXHedAZVXaj7xRbwj,22,#NAME?,1007312-2,0x84c2490308d3a2cac30284aa6ecd535c16e75ea987336a14c0ecbe3c59d178f1,manually entered,#NAME?,#NAME?,#NAME?,#NAME?,#NAME?
8/3/2022 7:01,#NAME?,#NAME?,11,u0qj9QqA2Q,community-issued-income,CrdGasvUFjhr7puL44csxrNVYVnq123EpA9R5kGtzejSFQK,22,#NAME?,1007312-2,0x84c2490308d3a2cac30284aa6ecd535c16e75ea987336a14c0ecbe3c59d178f1,manually entered,#NAME?,#NAME?,#NAME?,#NAME?,#NAME?
8/3/2022 7:01,#NAME?,#NAME?,11,u0qj9QqA2Q,community-issued-income,ESPaY28jCSR1Z7Sfv8bM7frJf1CkZyzUFVuYLc3P9U43MRf,22,#NAME?,1007312-2,0x84c2490308d3a2cac30284aa6ecd535c16e75ea987336a14c0ecbe3c59d178f1,manually entered,#NAME?,#NAME?,#NAME?,#NAME?,#NAME?
8/3/2022 7:01,#NAME?,#NAME?,11,u0qj9QqA2Q,community-issued-income,GppmxR9fQMaWeCAA8eke6LWcg4d8EeSpAfxPaJUXdiakYzf,22,#NAME?,1007312-2,0x84c2490308d3a2cac30284aa6ecd535c16e75ea987336a14c0ecbe3c59d178f1,manually entered,#NAME?,#NAME?,#NAME?,#NAME?,#NAME?
8/14/2022 10:08,#NAME?,#NAME?,12,u0qj944rhWE,community-issued-income,JLXmSrd7bP9b4DVqzEqaPH4kKUAA9sNr6TGn27sSaZkPeSc,22,#NAME?,,,manually entered,#NAME?,#NAME?,#NAME?,#NAME?,#NAME?
8/14/2022 10:08,#NAME?,#NAME?,12,u0qj944rhWE,community-issued-income,DGeoBv3E9xniabhyWsSjd25Te8ZmjQ7zndc2VVbmU8zmZQB,22,#NAME?,,,manually entered,#NAME?,#NAME?,#NAME?,#NAME?,#NAME?
8/14/2022 10:08,#NAME?,#NAME?,12,u0qj944rhWE,community-issued-income,GRyz4h63x9jwXM7j7zsbVWZvM2SB96hFCuyDbPeod8gCknu,22,#NAME?,,,manually entered,#NAME?,#NAME?,#NAME?,#NAME?,#NAME?
8/14/2022 10:08,#NAME?,#NAME?,12,u0qj944rhWE,community-issued-income,Gcq1XoG9RhJNumGMX9Kq8GL4vAdDAHug2dP8dJPotc1SVAX,22,#NAME?,,,manually entered,#NAME?,#NAME?,#NAME?,#NAME?,#NAME?
8/14/2022 10:08,#NAME?,#NAME?,12,u0qj944rhWE,community-issued-income,Eqs8V3LgCPeUxTxUrjGBNVQGrk1SKDJNacTKwp8w7ZAVm7x,22,#NAME?,,,manually entered,#NAME?,#NAME?,#NAME?,#NAME?,#NAME?
8/14/2022 10:08,#NAME?,#NAME?,12,u0qj944rhWE,community-issued-income,HxunEG4C3pzFGMKHYAVt3D6LgCSoLcodReJ4xziFPsNWCew,22,#NAME?,,,manually entered,#NAME?,#NAME?,#NAME?,#NAME?,#NAME?
8/14/2022 10:08,#NAME?,#NAME?,12,u0qj944rhWE,community-issued-income,Cma92HccjSgKVfHuBF1bEULoAfEQrg7bKYC3nn1zf2EYfee,22,#NAME?,,,manually entered,#NAME?,#NAME?,#NAME?,#NAME?,#NAME?
8/14/2022 10:08,#NAME?,#NAME?,12,u0qj944rhWE,community-issued-income,DoAxzU3YrMM3BcX9cXQMe2LHmKESfmPmWApQ7PtkHzZg7LQ,22,#NAME?,,,manually entered,#NAME?,#NAME?,#NAME?,#NAME?,#NAME?
8/14/2022 10:08,#NAME?,#NAME?,12,u0qj944rhWE,community-issued-income,FrDCcFpeoVhYf3cpYhpEKHdsCVuTjngfwESFNaRce4U7MfY,22,#NAME?,,,manually entered,#NAME?,#NAME?,#NAME?,#NAME?,#NAME?
8/14/2022 10:08,#NAME?,#NAME?,12,u0qj944rhWE,community-issued-income,ESPaY28jCSR1Z7Sfv8bM7frJf1CkZyzUFVuYLc3P9U43MRf,22,#NAME?,,,manually entered,#NAME?,#NAME?,#NAME?,#NAME?,#NAME?
8/14/2022 10:08,#NAME?,#NAME?,12,u0qj944rhWE,community-issued-income,GvbFy4pu3mw1bwv1kbXYhJGzLJHpjASA76bF3E5Qexjwn78,22,#NAME?,,,manually entered,#NAME?,#NAME?,#NAME?,#NAME?,#NAME?
8/23/2022 6:33,#NAME?,#NAME?,14,u0qj944rhWE,community-issued-income,CrdGasvUFjhr7puL44csxrNVYVnq123EpA9R5kGtzejSFQK,22,#NAME?,1111286-2,0x0c3dc250079891d56c04b16be1b37b641495fd098e63f1cb7de7928883430d50,manually entered,#NAME?,#NAME?,#NAME?,#NAME?,#NAME?
8/23/2022 6:33,#NAME?,#NAME?,14,u0qj944rhWE,community-issued-income,EfD7g64jFKQ4qnNt1oCjMNtAZmQGhYE5GNMFtPFyQqAK6Fz,22,#NAME?,1111286-2,0x0c3dc250079891d56c04b16be1b37b641495fd098e63f1cb7de7928883430d50,manually entered,#NAME?,#NAME?,#NAME?,#NAME?,#NAME?
8/23/2022 6:33,#NAME?,#NAME?,14,u0qj944rhWE,community-issued-income,GRLRuq7ApCSobgYX9VBS5fQ1RVpJH1XBd4mKcZYwe2mcBd3,22,#NAME?,1111286-2,0x0c3dc250079891d56c04b16be1b37b641495fd098e63f1cb7de7928883430d50,manually entered,#NAME?,#NAME?,#NAME?,#NAME?,#NAME?
8/23/2022 6:33,#NAME?,#NAME?,14,u0qj944rhWE,community-issued-income,GSG9Xg7UqZMknPVC1bC1P9WwMXomhDBA6ypGK6qvZh6YAoe,22,#NAME?,1111286-2,0x0c3dc250079891d56c04b16be1b37b641495fd098e63f1cb7de7928883430d50,manually entered,#NAME?,#NAME?,#NAME?,#NAME?,#NAME?
8/23/2022 6:33,#NAME?,#NAME?,14,u0qj944rhWE,community-issued-income,JLXmSrd7bP9b4DVqzEqaPH4kKUAA9sNr6TGn27sSaZkPeSc,22,#NAME?,1111286-2,0x0c3dc250079891d56c04b16be1b37b641495fd098e63f1cb7de7928883430d50,manually entered,#NAME?,#NAME?,#NAME?,#NAME?,#NAME?
8/23/2022 6:33,#NAME?,#NAME?,14,u0qj944rhWE,community-issued-income,ESPaY28jCSR1Z7Sfv8bM7frJf1CkZyzUFVuYLc3P9U43MRf,22,#NAME?,1111286-2,0x0c3dc250079891d56c04b16be1b37b641495fd098e63f1cb7de7928883430d50,manually entered,#NAME?,#NAME?,#NAME?,#NAME?,#NAME?
8/23/2022 8:49,#NAME?,#NAME?,14,u0qj944rhWE,community-issued-income,J12bMLgMfjxxzjzkGSS6f5p5rPaZqxeP3SVaBHZTgyACpQH,22,#NAME?,1111839-2,0xc1426b7a94880aa0ccf58efcaed784435e655b7bc6133d0a6a3e90efee2e7374,manually entered,#NAME?,#NAME?,#NAME?,#NAME?,#NAME?
8/23/2022 8:49,#NAME?,#NAME?,14,u0qj944rhWE,community-issued-income,Gcq1XoG9RhJNumGMX9Kq8GL4vAdDAHug2dP8dJPotc1SVAX,22,#NAME?,1111839-2,0xc1426b7a94880aa0ccf58efcaed784435e655b7bc6133d0a6a3e90efee2e7374,manually entered,#NAME?,#NAME?,#NAME?,#NAME?,#NAME?
8/23/2022 8:49,#NAME?,#NAME?,14,u0qj944rhWE,community-issued-income,EmELkHnmphHH6yCrVwgQUBPoSqrHijRxJaAsGDpDmnmbLGW,22,#NAME?,1111839-2,0xc1426b7a94880aa0ccf58efcaed784435e655b7bc6133d0a6a3e90efee2e7374,manually entered,#NAME?,#NAME?,#NAME?,#NAME?,#NAME?
8/23/2022 8:49,#NAME?,#NAME?,14,u0qj944rhWE,community-issued-income,EY1itJfNnmZn8cPXcDQXAkxAL4WkJgZKdpRJJLHYamD85WH,22,#NAME?,1111839-2,0xc1426b7a94880aa0ccf58efcaed784435e655b7bc6133d0a6a3e90efee2e7374,manually entered,#NAME?,#NAME?,#NAME?,#NAME?,#NAME?
8/23/2022 8:49,#NAME?,#NAME?,14,u0qj944rhWE,community-issued-income,DyeMQe8B5b2PpCUirfaheKEEsk1nJCpNbuvykQBDbrK5TWt,22,#NAME?,1111839-2,0xc1426b7a94880aa0ccf58efcaed784435e655b7bc6133d0a6a3e90efee2e7374,manually entered,#NAME?,#NAME?,#NAME?,#NAME?,#NAME?
8/23/2022 8:49,#NAME?,#NAME?,14,u0qj944rhWE,community-issued-income,FrDCcFpeoVhYf3cpYhpEKHdsCVuTjngfwESFNaRce4U7MfY,22,#NAME?,1111839-2,0xc1426b7a94880aa0ccf58efcaed784435e655b7bc6133d0a6a3e90efee2e7374,manually entered,#NAME?,#NAME?,#NAME?,#NAME?,#NAME?
8/23/2022 8:49,#NAME?,#NAME?,14,u0qj944rhWE,community-issued-income,EkJmC5SNKbHWQsNYpbNcYWcsWEQ55EnXHedAZVXaj7xRbwj,22,#NAME?,1111839-2,0xc1426b7a94880aa0ccf58efcaed784435e655b7bc6133d0a6a3e90efee2e7374,manually entered,#NAME?,#NAME?,#NAME?,#NAME?,#NAME?
8/31/2022 12:03,#NAME?,#NAME?,15,u0qj944rhWE,community-issued-income,ESPaY28jCSR1Z7Sfv8bM7frJf1CkZyzUFVuYLc3P9U43MRf,22,#NAME?,1161586-2,0xd8d126c4b210ff7ee1423251cfb6dfc448603ef04be265f906d6be00f7020a5b,manually entered,#NAME?,#NAME?,#NAME?,#NAME?,#NAME?
8/31/2022 12:03,#NAME?,#NAME?,15,u0qj944rhWE,community-issued-income,Gcq1XoG9RhJNumGMX9Kq8GL4vAdDAHug2dP8dJPotc1SVAX,22,#NAME?,1161586-2,0xd8d126c4b210ff7ee1423251cfb6dfc448603ef04be265f906d6be00f7020a5b,manually entered,#NAME?,#NAME?,#NAME?,#NAME?,#NAME?
8/31/2022 12:03,#NAME?,#NAME?,15,u0qj944rhWE,community-issued-income,DGeoBv3E9xniabhyWsSjd25Te8ZmjQ7zndc2VVbmU8zmZQB,22,#NAME?,1161586-2,0xd8d126c4b210ff7ee1423251cfb6dfc448603ef04be265f906d6be00f7020a5b,manually entered,#NAME?,#NAME?,#NAME?,#NAME?,#NAME?
8/31/2022 12:03,#NAME?,#NAME?,15,u0qj944rhWE,community-issued-income,GRyz4h63x9jwXM7j7zsbVWZvM2SB96hFCuyDbPeod8gCknu,22,#NAME?,1161586-2,0xd8d126c4b210ff7ee1423251cfb6dfc448603ef04be265f906d6be00f7020a5b,manually entered,#NAME?,#NAME?,#NAME?,#NAME?,#NAME?
8/31/2022 12:03,#NAME?,#NAME?,15,u0qj944rhWE,community-issued-income,Ft1BYf8EKhbMb5SBGXb7jnoetgzkkwNpua1sybXpForqJRu,22,#NAME?,1161586-2,0xd8d126c4b210ff7ee1423251cfb6dfc448603ef04be265f906d6be00f7020a5b,manually entered,#NAME?,#NAME?,#NAME?,#NAME?,#NAME?
8/31/2022 12:03,#NAME?,#NAME?,15,u0qj944rhWE,community-issued-income,FrDCcFpeoVhYf3cpYhpEKHdsCVuTjngfwESFNaRce4U7MfY,22,#NAME?,1161586-2,0xd8d126c4b210ff7ee1423251cfb6dfc448603ef04be265f906d6be00f7020a5b,manually entered,#NAME?,#NAME?,#NAME?,#NAME?,#NAME?
8/31/2022 12:13,#NAME?,#NAME?,15,u0qj944rhWE,community-issued-income,EkJmC5SNKbHWQsNYpbNcYWcsWEQ55EnXHedAZVXaj7xRbwj,22,#NAME?,1161631-2,0xfd4a752526fb6214c6ebd5662f76f45083be9c6f47f38d36d6f18f6ff848e5c0,manually entered,#NAME?,#NAME?,#NAME?,#NAME?,#NAME?
8/31/2022 12:13,#NAME?,#NAME?,15,u0qj944rhWE,community-issued-income,CmUwaewG2qJ2dtLx6Zky4cgUZDR7iVRtiF4PFFsYpcUjkaK,22,#NAME?,1161631-2,0xfd4a752526fb6214c6ebd5662f76f45083be9c6f47f38d36d6f18f6ff848e5c0,manually entered,#NAME?,#NAME?,#NAME?,#NAME?,#NAME?
8/31/2022 12:13,#NAME?,#NAME?,15,u0qj944rhWE,community-issued-income,HxunEG4C3pzFGMKHYAVt3D6LgCSoLcodReJ4xziFPsNWCew,22,#NAME?,1161631-2,0xfd4a752526fb6214c6ebd5662f76f45083be9c6f47f38d36d6f18f6ff848e5c0,manually entered,#NAME?,#NAME?,#NAME?,#NAME?,#NAME?
8/31/2022 12:13,#NAME?,#NAME?,15,u0qj944rhWE,community-issued-income,FLgT3acPapRrP9LKobjT5PRMCamwfSbruEkHYwmgCK1oMmR,22,#NAME?,1161631-2,0xfd4a752526fb6214c6ebd5662f76f45083be9c6f47f38d36d6f18f6ff848e5c0,manually entered,#NAME?,#NAME?,#NAME?,#NAME?,#NAME?
8/31/2022 12:13,#NAME?,#NAME?,15,u0qj944rhWE,community-issued-income,J12bMLgMfjxxzjzkGSS6f5p5rPaZqxeP3SVaBHZTgyACpQH,22,#NAME?,1161631-2,0xfd4a752526fb6214c6ebd5662f76f45083be9c6f47f38d36d6f18f6ff848e5c0,manually entered,#NAME?,#NAME?,#NAME?,#NAME?,#NAME?
8/31/2022 12:13,#NAME?,#NAME?,15,u0qj944rhWE,community-issued-income,EY1itJfNnmZn8cPXcDQXAkxAL4WkJgZKdpRJJLHYamD85WH,22,#NAME?,1161631-2,0xfd4a752526fb6214c6ebd5662f76f45083be9c6f47f38d36d6f18f6ff848e5c0,manually entered,#NAME?,#NAME?,#NAME?,#NAME?,#NAME?
8/31/2022 12:13,#NAME?,#NAME?,15,u0qj944rhWE,community-issued-income,FtEyJRuSY3e5muS4QytJsWWFY82TUbq5b8dBA6EcrT18tiT,22,#NAME?,1161631-2,0xfd4a752526fb6214c6ebd5662f76f45083be9c6f47f38d36d6f18f6ff848e5c0,manually entered,#NAME?,#NAME?,#NAME?,#NAME?,#NAME?
10/22/2022 5:51,#NAME?,#NAME?,20,u0qj944rhWE,community-issued-income,HnesH3XsdbQr2Kxvs8z93NsYgtbcymj6nisUe1BFstRPxJA,44,#NAME?,1512729-2,0x7b2b6ba8fa10a41645861043183a198908a801d7f87eef7d63efc0fbab1b301b,wrongly paid out twice because of bug ,#NAME?,#NAME?,#NAME?,#NAME?,#NAME?
10/22/2022 5:51,#NAME?,#NAME?,20,u0qj944rhWE,community-issued-income,EkbAGwgTUQz3zXxX6864ydTp9kZNfk8TVJLmFc3F4zwr4dR,44,#NAME?,1512729-2,0x7b2b6ba8fa10a41645861043183a198908a801d7f87eef7d63efc0fbab1b301b,wrongly paid out twice because of bug ,#NAME?,#NAME?,#NAME?,#NAME?,#NAME?
10/22/2022 5:51,#NAME?,#NAME?,20,u0qj944rhWE,community-issued-income,GSG9Xg7UqZMknPVC1bC1P9WwMXomhDBA6ypGK6qvZh6YAoe,44,#NAME?,1512729-2,0x7b2b6ba8fa10a41645861043183a198908a801d7f87eef7d63efc0fbab1b301b,wrongly paid out twice because of bug ,#NAME?,#NAME?,#NAME?,#NAME?,#NAME?
10/22/2022 5:51,#NAME?,#NAME?,20,u0qj944rhWE,community-issued-income,ESPaY28jCSR1Z7Sfv8bM7frJf1CkZyzUFVuYLc3P9U43MRf,44,#NAME?,1512729-2,0x7b2b6ba8fa10a41645861043183a198908a801d7f87eef7d63efc0fbab1b301b,wrongly paid out twice because of bug ,#NAME?,#NAME?,#NAME?,#NAME?,#NAME?
10/22/2022 5:51,#NAME?,#NAME?,20,u0qj944rhWE,community-issued-income,Fa8LDDisNXmeFaZX1tJKPDvdFMAwYnmSd92S2G2nYr7K9Mv,44,#NAME?,1512729-2,0x7b2b6ba8fa10a41645861043183a198908a801d7f87eef7d63efc0fbab1b301b,wrongly paid out twice because of bug ,#NAME?,#NAME?,#NAME?,#NAME?,#NAME?
,,,0,u0qj944rhWE,EdETAjTHQyNcjhVQ4UU4FPP1zowhCqp7J6TLxg72YJbK6Ys,EdETAjTHQyNcjhVQ4UU4FPP1zowhCqp7J6TLxg72YJbK6Ys,0,0,,,hack to make filter work,#NAME?,#NAME?,#NAME?,#NAME?,#NAME?
6/26/2022 6:05,#NAME?,#NAME?,0,u0qj9QqA2Q,,,,#NAME?,818393-2,0xe938888dca456124f61f6cf8aa9c654f8b5b5312861e242dd8325ecb7a91b77f,rescue ceremony for purged community,#NAME?,#NAME?,#NAME?,#NAME?,#NAME?
8/14/2022 10:08,#NAME?,#NAME?,0,u0qj944rhWE,,,,#NAME?,1063138-2,0xb4f5b098b8d6edecd53d55d2627a153b402afe7be3b5baad43461d96baf76c52,rescue ceremony for purged community,#NAME?,#NAME?,#NAME?,#NAME?,#NAME?
